{"level":30,"time":1710496803156,"pid":48291,"hostname":"prod-api-7b4d9f","module":"email","msg":"Email sent: welcome","template":"password_reset","recipient":"user953@example.com","deliveryTime":1927}
{"level":30,"time":1710496810332,"pid":48291,"hostname":"prod-api-7b4d9f","module":"cache","msg":"Cache hit: config:site2a6a7513","key":"config:site2a6a7513","hit":true,"ttl":2040}
{"level":10,"time":1710496813132,"pid":48291,"hostname":"prod-api-7b4d9f","module":"cache","msg":"Redis ping: 0.58ms","server":"10.0.2.15:6379"}
{"level":40,"time":1710496825401,"pid":48291,"hostname":"prod-api-7b4d9f","msg":"Connection pool at 94% capacity (45/50)","module":"database","poolUsed":41,"poolMax":50}
{"level":10,"time":1710496860474,"pid":48291,"hostname":"prod-api-7b4d9f","module":"auth","msg":"JWKS cache check: valid","kid":"3246c7db"}
{"level":40,"time":1710496872853,"pid":48291,"hostname":"prod-api-7b4d9f","msg":"Email queue depth exceeding threshold: 391 pending","module":"email","queueDepth":301,"threshold":100}
{"level":40,"time":1710496878896,"pid":48291,"hostname":"prod-api-7b4d9f","msg":"Connection pool at 88% capacity (42/50)","module":"database","poolUsed":40,"poolMax":50}
{"level":30,"time":1710496879980,"pid":48291,"hostname":"prod-api-7b4d9f","module":"cache","msg":"Cache hit: user:profile:","key":"user:profile:","hit":true,"ttl":895}
{"level":50,"time":1710496883748,"pid":48291,"hostname":"prod-api-7b4d9f","msg":"Redis connection error: ECONNRESET","module":"cache","err":{"message":"ECONNRESET","stack":"Error: read ECONNRESET\n    at TCP.onStreamRead (internal/stream_base_commons.js:209:20)"}}
{"level":30,"time":1710496916601,"pid":48291,"hostname":"prod-api-7b4d9f","module":"http","msg":"PUT /api/cart 200","requestId":"9734ffe8-44b0-4d5e-938a-4c805febf54c","method":"PUT","url":"/api/cart","statusCode":200,"responseTime":104,"userId":"usr_j0k1l2","bytesWritten":26519}
{"level":30,"time":1710496919292,"pid":48291,"hostname":"prod-api-7b4d9f","module":"http","msg":"GET /api/orders 200","requestId":"8887e3f0-75e9-4cbb-bd41-a2bfe7330b7b","method":"GET","url":"/api/orders","statusCode":200,"responseTime":578,"userId":"usr_g7h8i9","bytesWritten":48943}
{"level":30,"time":1710496929556,"pid":48291,"hostname":"prod-api-7b4d9f","module":"http","msg":"GET /api/categories 200","requestId":"d84110b8-3f76-4cf7-abd2-028ef6275cb5","method":"GET","url":"/api/categories","statusCode":200,"responseTime":518,"userId":"usr_m3n4o5","bytesWritten":47061}
{"level":20,"time":1710496951244,"pid":48291,"hostname":"prod-api-7b4d9f","module":"database","msg":"Query plan: Seq Scan on cart_items","requestId":"fd62fa27-d1f5-4067-8cfd-ff79b543419d","estimatedCost":83.68}
{"level":30,"time":1710496954874,"pid":48291,"hostname":"prod-api-7b4d9f","module":"cache","msg":"Cache hit: categories:all","key":"categories:all","hit":true,"ttl":3122}
{"level":30,"time":1710496962044,"pid":48291,"hostname":"prod-api-7b4d9f","module":"queue","msg":"Job enqueued: report.generate","jobType":"report.generate","jobId":"e294a4ce-3ff8-4b48-9f88-f129df4bda78","priority":"normal"}
{"level":30,"time":1710496963526,"pid":48291,"hostname":"prod-api-7b4d9f","module":"http","msg":"POST /api/auth/refresh 200","requestId":"35935621-d424-40fc-80fa-eac949fec638","method":"POST","url":"/api/auth/refresh","statusCode":200,"responseTime":363,"userId":"usr_m3n4o5","bytesWritten":47698}
{"level":30,"time":1710496975948,"pid":48291,"hostname":"prod-api-7b4d9f","module":"scheduler","msg":"Cron job completed: sync_inventory","task":"sync_inventory","duration":10694,"itemsProcessed":13}
{"level":20,"time":1710496991701,"pid":48291,"hostname":"prod-api-7b4d9f","module":"queue","msg":"Worker polling: analytics.aggregate queue","pendingJobs":4,"activeWorkers":2}
{"level":20,"time":1710497003339,"pid":48291,"hostname":"prod-api-7b4d9f","module":"http","msg":"Request headers parsed","requestId":"e4f42a8c-af5a-443c-9d9d-5b15b4fb3361","headers":{"content-type":"application/json","user-agent":"Mozilla/5.0","accept-encoding":"gzip, deflate"}}
{"level":10,"time":1710497018234,"pid":48291,"hostname":"prod-api-7b4d9f","module":"auth","msg":"JWKS cache check: valid","kid":"e14a7f60"}
{"level":20,"time":1710497018346,"pid":48291,"hostname":"prod-api-7b4d9f","module":"scheduler","msg":"Next run for send_digest_emails: 2024-03-15T10:42:12.043Z","task":"warm_cache"}
{"level":50,"time":1710497019013,"pid":48291,"hostname":"prod-api-7b4d9f","msg":"Job failed after 3 retries: report.generate","module":"queue","jobType":"cache.warm","jobId":"78b8250a-4043-4a0f-9c02-7008e3852f46","retries":1,"err":{"message":"Max retries exceeded","stack":"Error: Max retries exceeded\n    at Worker.processJob (src/queue/worker.js:78:11)"}}
{"level":30,"time":1710497019463,"pid":48291,"hostname":"prod-api-7b4d9f","module":"auth","requestId":"9d025504-ffa2-4eaf-8e9a-800d95a5aab2","msg":"Session created","userId":"usr_j0k1l2","sessionId":"2a522e3c-46dd-4280-a291-a9a183cd2fac"}
{"level":30,"time":1710497023746,"pid":48291,"hostname":"prod-api-7b4d9f","module":"http","msg":"POST /api/auth/register 409","requestId":"d8174eae-c699-4526-88d6-c9e968164e67","method":"POST","url":"/api/auth/register","statusCode":409,"responseTime":441,"userId":"usr_s9t0u1","bytesWritten":29718}
{"level":30,"time":1710497023795,"pid":48291,"hostname":"prod-api-7b4d9f","module":"http","msg":"POST /api/auth/login 200","requestId":"88afea5c-c39d-4b1d-9681-ada02d7f48a2","method":"POST","url":"/api/auth/login","statusCode":200,"responseTime":704,"userId":"usr_m3n4o5","bytesWritten":40900}
{"level":30,"time":1710497030253,"pid":48291,"hostname":"prod-api-7b4d9f","module":"http","msg":"PUT /api/users/me 400","requestId":"31af784e-7475-466e-a85c-5b03267a626d","method":"PUT","url":"/api/users/me","statusCode":400,"responseTime":359,"userId":"usr_p6q7r8","bytesWritten":2502}
{"level":30,"time":1710497034963,"pid":48291,"hostname":"prod-api-7b4d9f","module":"http","msg":"POST /api/auth/register 409","requestId":"3ab14f35-bcbb-4c23-9d90-d0d4a12e6971","method":"POST","url":"/api/auth/register","statusCode":409,"responseTime":219,"bytesWritten":6895}
{"level":10,"time":1710497035667,"pid":48291,"hostname":"prod-api-7b4d9f","module":"database","msg":"Pool stats: idle=16 active=26 waiting=3"}
{"level":10,"time":1710497037130,"pid":48291,"hostname":"prod-api-7b4d9f","module":"email","msg":"Template rendering: shipping_update","renderTime":32.26}
{"level":30,"time":1710497039744,"pid":48291,"hostname":"prod-api-7b4d9f","module":"payment","requestId":"4966dfbe-1051-421f-8568-47a182f10ed9","msg":"Payment processed successfully","userId":"usr_m3n4o5","amount":327.05,"currency":"USD","orderId":"ord_f6f9c23e","provider":"stripe"}
{"level":30,"time":1710497054594,"pid":48291,"hostname":"prod-api-7b4d9f","module":"cache","msg":"Cache hit: cart:370f4d1c","key":"cart:370f4d1c","hit":true,"ttl":696}
{"level":30,"time":1710497054809,"pid":48291,"hostname":"prod-api-7b4d9f","module":"http","msg":"POST /api/payments/charge 402","requestId":"2441081d-71d2-436c-9946-23de58e31bb9","method":"POST","url":"/api/payments/charge","statusCode":402,"responseTime":617,"userId":"usr_a1b2c3","bytesWritten":17713}
{"level":30,"time":1710497056380,"pid":48291,"hostname":"prod-api-7b4d9f","module":"database","msg":"Query executed","query":"SELECT * FROM users WHERE email = $1","duration":62,"rowCount":99,"requestId":"c4c2d3bf-eebb-43b1-9e2a-23afb43207c5"}
{"level":30,"time":1710497064445,"pid":48291,"hostname":"prod-api-7b4d9f","module":"queue","msg":"Job enqueued: cleanup.sessions","jobType":"cleanup.sessions","jobId":"47c4e082-9d3d-4a74-8caa-a8f0e72bfea3","priority":"high"}
{"level":40,"time":1710497079305,"pid":48291,"hostname":"prod-api-7b4d9f","msg":"Email queue depth exceeding threshold: 105 pending","module":"email","queueDepth":488,"threshold":100}
{"level":40,"time":1710497083064,"pid":48291,"hostname":"prod-api-7b4d9f","msg":"Task sync_inventory running longer than expected: 48s","module":"scheduler","task":"send_digest_emails","durationSec":96}
{"level":30,"time":1710497084755,"pid":48291,"hostname":"prod-api-7b4d9f","module":"database","msg":"Query executed","query":"SELECT * FROM users WHERE email = $1","duration":72,"rowCount":90,"requestId":"d432651e-74ca-4746-b81e-1a103e4c6a65"}
{"level":30,"time":1710497091826,"pid":48291,"hostname":"prod-api-7b4d9f","module":"cache","msg":"Cache hit: products:list71893763","key":"products:list71893763","hit":true,"ttl":1683}
{"level":30,"time":1710497110671,"pid":48291,"hostname":"prod-api-7b4d9f","module":"http","msg":"GET /api/users/me 200","requestId":"d1f86ac8-f578-4d01-b0cd-000c25756c1a","method":"GET","url":"/api/users/me","statusCode":200,"responseTime":767,"userId":"usr_s9t0u1","bytesWritten":44291}
{"level":30,"time":1710497120454,"pid":48291,"hostname":"prod-api-7b4d9f","module":"payment","requestId":"53a59a10-a8bf-4d75-8d1f-fc293e480462","msg":"Payment processed successfully","userId":"usr_v2w3x4","amount":46.2,"currency":"USD","orderId":"ord_c4bd79ed","provider":"stripe"}
{"level":50,"time":1710497135548,"pid":48291,"hostname":"prod-api-7b4d9f","msg":"Authentication failed: invalid token signature","module":"auth","requestId":"b6ba508d-e968-4f5f-bb0e-7164980c2aa5","userId":"usr_m3n4o5","err":{"message":"JsonWebTokenError: invalid signature","stack":"JsonWebTokenError: invalid signature\n    at verify (node_modules/jsonwebtoken/verify.js:126:19)"}}
{"level":30,"time":1710497137388,"pid":48291,"hostname":"prod-api-7b4d9f","module":"database","msg":"Query executed","query":"SELECT * FROM users WHERE email = $1","duration":135,"rowCount":51,"requestId":"086dc338-c29a-4e18-afc9-68d3ae2512cf"}
{"level":30,"time":1710497137875,"pid":48291,"hostname":"prod-api-7b4d9f","module":"queue","msg":"Job enqueued: cache.warm","jobType":"cache.warm","jobId":"f0b3bdcc-09cf-4b96-b6bd-a8e0562b7121","priority":"high"}
{"level":50,"time":1710497144157,"pid":48291,"hostname":"prod-api-7b4d9f","msg":"Email delivery failed: mailbox full","module":"email","template":"shipping_update","recipient":"user360@example.com","err":{"message":"Mailbox full","stack":"Error: Mailbox full\n    at SMTPTransport.send (node_modules/nodemailer/lib/smtp-transport/index.js:287:19)"}}
{"level":40,"time":1710497144399,"pid":48291,"hostname":"prod-api-7b4d9f","msg":"Slow response: /api/inventory/:id took 1883ms","module":"http","requestId":"270daa93-adac-4286-b9bb-e51f30f6213f","responseTime":1621}
{"level":30,"time":1710497144741,"pid":48291,"hostname":"prod-api-7b4d9f","module":"email","msg":"Email sent: order_confirmation","template":"order_confirmation","recipient":"user382@example.com","deliveryTime":1690}
{"level":30,"time":1710497145437,"pid":48291,"hostname":"prod-api-7b4d9f","module":"http","msg":"PUT /api/cart 400","requestId":"70f0e79a-13e1-4ad8-b73a-fc8999687db0","method":"PUT","url":"/api/cart","statusCode":400,"responseTime":605,"userId":"usr_v2w3x4","bytesWritten":2720}
{"level":60,"time":1710497151143,"pid":48291,"hostname":"prod-api-7b4d9f","module":"database","msg":"Database connection pool exhausted - all connections busy","err":{"message":"Connection pool exhausted","stack":"Error: Connection pool exhausted\n    at Pool.acquire (node_modules/pg-pool/index.js:45:11)\n    at Client.connect (node_modules/pg/lib/client.js:82:19)\n    at processTicksAndRejections (internal/process/task_queues.js:95:5)"}}
{"level":30,"time":1710497156085,"pid":48291,"hostname":"prod-api-7b4d9f","module":"http","msg":"PUT /api/users/me 200","requestId":"17e794e9-3542-4e8a-b1b7-8217281c8772","method":"PUT","url":"/api/users/me","statusCode":200,"responseTime":380,"userId":"usr_m3n4o5","bytesWritten":24673}
{"level":30,"time":1710497159788,"pid":48291,"hostname":"prod-api-7b4d9f","module":"auth","requestId":"290273b8-4cc5-4abd-b2c4-4a5f37af32fd","msg":"Password reset requested","email":"user386@example.com"}
{"level":20,"time":1710497163407,"pid":48291,"hostname":"prod-api-7b4d9f","module":"http","msg":"Request headers parsed","requestId":"caf8aa5a-1e4e-445d-b84e-3ba755d0efaa","headers":{"content-type":"application/json","user-agent":"Mozilla/5.0","accept-encoding":"gzip, deflate"}}
{"level":30,"time":1710497171806,"pid":48291,"hostname":"prod-api-7b4d9f","module":"database","msg":"Query executed","query":"SELECT * FROM products WHERE category_id = $1","duration":17,"rowCount":60,"requestId":"3cf7c2b3-ae3f-4eda-885a-0934fee214f3"}
{"level":40,"time":1710497172314,"pid":48291,"hostname":"prod-api-7b4d9f","msg":"Payment retry attempt 3 for order ord_3108b0cf","module":"payment","requestId":"e8e8662a-9a26-46ea-8466-4457ea2fc843","attempt":2}
{"level":30,"time":1710497173611,"pid":48291,"hostname":"prod-api-7b4d9f","module":"auth","requestId":"2b7a17db-2994-46b0-a70d-c3bc53eb3c18","msg":"Token refreshed","userId":"usr_m3n4o5"}
{"level":30,"time":1710497177634,"pid":48291,"hostname":"prod-api-7b4d9f","module":"auth","requestId":"a5b5b0f5-a76f-433e-a025-b0a5261e2819","msg":"Session created","userId":"usr_p6q7r8","sessionId":"608268df-e2c3-4de5-9eb6-7d4047fd3daa"}
{"level":30,"time":1710497177936,"pid":48291,"hostname":"prod-api-7b4d9f","module":"cache","msg":"Cache miss: cart:684348da","key":"cart:684348da","hit":false}
{"level":40,"time":1710497200308,"pid":48291,"hostname":"prod-api-7b4d9f","msg":"Connection pool at 87% capacity (43/50)","module":"database","poolUsed":42,"poolMax":50}
{"level":30,"time":1710497206427,"pid":48291,"hostname":"prod-api-7b4d9f","module":"http","msg":"GET /api/products 304","requestId":"0b9fc8df-55aa-4b95-bf7c-2c7a2f72093b","method":"GET","url":"/api/products","statusCode":304,"responseTime":467,"userId":"usr_m3n4o5","bytesWritten":21611}
{"level":20,"time":1710497213106,"pid":48291,"hostname":"prod-api-7b4d9f","module":"payment","msg":"Stripe API call: refunds.create","requestId":"ec82a208-9bca-4419-9520-6427b8b93dc4","duration":119}
{"level":20,"time":1710497236002,"pid":48291,"hostname":"prod-api-7b4d9f","module":"auth","msg":"Token payload decoded","requestId":"70b98b71-dab4-4301-ad14-baf0ff8ab927","userId":"usr_m3n4o5","exp":1710500836}
{"level":30,"time":1710497250806,"pid":48291,"hostname":"prod-api-7b4d9f","module":"http","msg":"GET /api/health 200","requestId":"82b16b12-ab87-43a4-9c1b-c25e0449025d","method":"GET","url":"/api/health","statusCode":200,"responseTime":243,"userId":"usr_v2w3x4","bytesWritten":12545}
{"level":30,"time":1710497259761,"pid":48291,"hostname":"prod-api-7b4d9f","module":"http","msg":"POST /api/payments/charge 402","requestId":"17433f70-3a01-4c95-a2b4-083967c010d9","method":"POST","url":"/api/payments/charge","statusCode":402,"responseTime":671,"bytesWritten":7702}
{"level":20,"time":1710497281571,"pid":48291,"hostname":"prod-api-7b4d9f","module":"database","msg":"Query plan: Seq Scan on cart_items","requestId":"ff2498bd-e528-4d5f-8774-48335e3d44fc","estimatedCost":81.56}
{"level":30,"time":1710497283317,"pid":48291,"hostname":"prod-api-7b4d9f","module":"http","msg":"POST /api/webhooks/stripe 200","requestId":"a4e55903-59d1-4073-a251-4f0ccb881f6c","method":"POST","url":"/api/webhooks/stripe","statusCode":200,"responseTime":353,"userId":"usr_g7h8i9","bytesWritten":10229}
{"level":30,"time":1710497284440,"pid":48291,"hostname":"prod-api-7b4d9f","module":"database","msg":"Query executed","query":"SELECT * FROM products WHERE category_id = $1","duration":183,"rowCount":9,"requestId":"7c649634-6a08-4624-8447-3d21f252b24a"}
{"level":50,"time":1710497287403,"pid":48291,"hostname":"prod-api-7b4d9f","msg":"Payment declined: insufficient funds","module":"payment","requestId":"2cc0d90e-479b-4ade-baef-58aa69971990","userId":"usr_p6q7r8","amount":38.62,"currency":"USD"}
{"level":20,"time":1710497289855,"pid":48291,"hostname":"prod-api-7b4d9f","module":"cache","msg":"Cache operation: SET products:list","latency":4.02}
{"level":40,"time":1710497305856,"pid":48291,"hostname":"prod-api-7b4d9f","msg":"Email queue depth exceeding threshold: 208 pending","module":"email","queueDepth":428,"threshold":100}
{"level":20,"time":1710497311194,"pid":48291,"hostname":"prod-api-7b4d9f","module":"payment","msg":"Stripe API call: charges.create","requestId":"88186abe-56ab-4fa5-8c15-9286e7dc5145","duration":735}
{"level":30,"time":1710497322719,"pid":48291,"hostname":"prod-api-7b4d9f","module":"database","msg":"Query executed","query":"INSERT INTO orders (user_id, total, status) VALUES ($1, $2, $3)","duration":70,"rowCount":31,"requestId":"c101cbe3-004e-4367-8c37-08e953012e1b"}
{"level":30,"time":1710497350955,"pid":48291,"hostname":"prod-api-7b4d9f","module":"http","msg":"DELETE /api/cart/:id 204","requestId":"55ed2deb-7e52-44c1-8e32-e4ffe3c71e48","method":"DELETE","url":"/api/cart/:id","statusCode":204,"responseTime":73,"bytesWritten":3103}
{"level":30,"time":1710497359764,"pid":48291,"hostname":"prod-api-7b4d9f","module":"http","msg":"GET /api/orders/:id 200","requestId":"26040925-a5da-40d0-b408-3c1f67c3df96","method":"GET","url":"/api/orders/:id","statusCode":200,"responseTime":490,"userId":"usr_a1b2c3","bytesWritten":48400}
{"level":40,"time":1710497362563,"pid":48291,"hostname":"prod-api-7b4d9f","msg":"Task process_refunds running longer than expected: 107s","module":"scheduler","task":"generate_daily_report","durationSec":115}
{"level":50,"time":1710497362919,"pid":48291,"hostname":"prod-api-7b4d9f","msg":"DELETE /api/cart/:id 500 - Internal Server Error","module":"http","requestId":"66467030-d4d3-4e1c-8067-7aad837e12fa","method":"DELETE","url":"/api/cart/:id","statusCode":500,"responseTime":3175,"err":{"message":"Unexpected error processing request","stack":"Error: Unexpected error processing request\n    at RequestHandler.process (src/middleware/handler.js:112:15)"}}
{"level":30,"time":1710497364310,"pid":48291,"hostname":"prod-api-7b4d9f","module":"http","msg":"POST /api/webhooks/stripe 200","requestId":"c5e59653-67aa-41e5-a5e7-59bc3580d579","method":"POST","url":"/api/webhooks/stripe","statusCode":200,"responseTime":424,"userId":"usr_g7h8i9","bytesWritten":22846}
{"level":40,"time":1710497366129,"pid":48291,"hostname":"prod-api-7b4d9f","msg":"Payment retry attempt 3 for order ord_6ef3bb09","module":"payment","requestId":"1ede58ec-cac1-4c65-ad53-04161849c647","attempt":1}
{"level":50,"time":1710497370929,"pid":48291,"hostname":"prod-api-7b4d9f","msg":"Query timeout after 25252ms","module":"database","requestId":"daa958d7-3154-4072-b6f1-e7846a171639","query":"SELECT * FROM products WHERE category_id = $1","duration":16913,"err":{"message":"Query read timeout","stack":"Error: Query read timeout\n    at Connection.parseE (node_modules/pg/lib/connection.js:614:13)"}}
{"level":30,"time":1710497371372,"pid":48291,"hostname":"prod-api-7b4d9f","module":"database","msg":"Query executed","query":"UPDATE inventory SET stock = stock - $1 WHERE product_id = $2","duration":41,"rowCount":90,"requestId":"61bb18fc-aff0-4e59-865a-58aa678a4173"}
{"level":20,"time":1710497377886,"pid":48291,"hostname":"prod-api-7b4d9f","module":"email","msg":"SMTP handshake completed","smtpServer":"smtp.sendgrid.net","tlsVersion":"TLSv1.3"}
{"level":30,"time":1710497378765,"pid":48291,"hostname":"prod-api-7b4d9f","module":"http","msg":"GET /api/inventory/:id 200","requestId":"2918f2e9-e241-4507-97a9-89cf1f7518bd","method":"GET","url":"/api/inventory/:id","statusCode":200,"responseTime":689,"bytesWritten":32978}
{"level":30,"time":1710497384759,"pid":48291,"hostname":"prod-api-7b4d9f","module":"http","msg":"GET /api/categories 200","requestId":"ebc9b73b-df91-4318-bfc5-592ee501d567","method":"GET","url":"/api/categories","statusCode":200,"responseTime":474,"userId":"usr_s9t0u1","bytesWritten":2453}
{"level":20,"time":1710497386963,"pid":48291,"hostname":"prod-api-7b4d9f","module":"database","msg":"Query plan: Seq Scan on users","requestId":"809deeed-cf5c-456f-99bc-349f361a4ede","estimatedCost":42.13}
{"level":30,"time":1710497393731,"pid":48291,"hostname":"prod-api-7b4d9f","module":"payment","requestId":"775b00db-1d8d-4816-8d2b-1f6f342d4eee","msg":"Payment processed successfully","userId":"usr_v2w3x4","amount":9.48,"currency":"USD","orderId":"ord_a2d1b74a","provider":"stripe"}
{"level":20,"time":1710497407361,"pid":48291,"hostname":"prod-api-7b4d9f","module":"cache","msg":"Cache operation: DEL products:featured","latency":1.54}
{"level":20,"time":1710497422293,"pid":48291,"hostname":"prod-api-7b4d9f","module":"email","msg":"SMTP handshake completed","smtpServer":"smtp.sendgrid.net","tlsVersion":"TLSv1.3"}
{"level":50,"time":1710497422480,"pid":48291,"hostname":"prod-api-7b4d9f","msg":"Redis connection error: ECONNRESET","module":"cache","err":{"message":"ECONNRESET","stack":"Error: read ECONNRESET\n    at TCP.onStreamRead (internal/stream_base_commons.js:209:20)"}}
{"level":30,"time":1710497430307,"pid":48291,"hostname":"prod-api-7b4d9f","module":"database","msg":"Query executed","query":"SELECT * FROM products WHERE category_id = $1","duration":141,"rowCount":23,"requestId":"60178424-d520-4333-a120-d34c32836fb0"}
{"level":40,"time":1710497431669,"pid":48291,"hostname":"prod-api-7b4d9f","msg":"Task cleanup_expired_sessions running longer than expected: 115s","module":"scheduler","task":"send_digest_emails","durationSec":80}
{"level":10,"time":1710497434773,"pid":48291,"hostname":"prod-api-7b4d9f","module":"cache","msg":"Redis ping: 1.96ms","server":"10.0.2.15:6379"}
{"level":30,"time":1710497441688,"pid":48291,"hostname":"prod-api-7b4d9f","module":"http","msg":"GET /api/products/:id 500","requestId":"61c34c7c-6936-4b9a-b960-f0f7bc3c3720","method":"GET","url":"/api/products/:id","statusCode":500,"responseTime":742,"userId":"usr_p6q7r8","bytesWritten":45152}
{"level":30,"time":1710497455209,"pid":48291,"hostname":"prod-api-7b4d9f","module":"http","msg":"POST /api/payments/charge 200","requestId":"e4570135-7165-490d-a0e2-c5532ad1270a","method":"POST","url":"/api/payments/charge","statusCode":200,"responseTime":174,"userId":"usr_g7h8i9","bytesWritten":11800}
{"level":30,"time":1710497468358,"pid":48291,"hostname":"prod-api-7b4d9f","module":"email","msg":"Email sent: order_confirmation","template":"shipping_update","recipient":"user509@example.com","deliveryTime":1835}
{"level":30,"time":1710497470254,"pid":48291,"hostname":"prod-api-7b4d9f","module":"payment","requestId":"0270f55c-f901-4471-a788-f52c6edea9d8","msg":"Payment processed successfully","userId":"usr_a1b2c3","amount":326.5,"currency":"USD","orderId":"ord_145a76ae","provider":"stripe"}
{"level":50,"time":1710497486815,"pid":48291,"hostname":"prod-api-7b4d9f","msg":"Cron task failed: warm_cache","module":"scheduler","task":"generate_daily_report","err":{"message":"Task execution error","stack":"Error: Task execution error\n    at CronRunner.execute (src/scheduler/runner.js:45:9)"}}
{"level":30,"time":1710497490803,"pid":48291,"hostname":"prod-api-7b4d9f","module":"http","msg":"GET /api/health 200","requestId":"7bb00356-62b5-4b1a-a005-a2c54180bfd9","method":"GET","url":"/api/health","statusCode":200,"responseTime":383,"bytesWritten":44957}
{"level":30,"time":1710497492438,"pid":48291,"hostname":"prod-api-7b4d9f","module":"cache","msg":"Cache hit: products:list","key":"products:list","hit":true,"ttl":1984}
{"level":30,"time":1710497492705,"pid":48291,"hostname":"prod-api-7b4d9f","module":"http","msg":"POST /api/webhooks/stripe 400","requestId":"f396801f-f84f-4c6e-ba89-5f51645d622a","method":"POST","url":"/api/webhooks/stripe","statusCode":400,"responseTime":665,"userId":"usr_a1b2c3","bytesWritten":45910}
{"level":30,"time":1710497493036,"pid":48291,"hostname":"prod-api-7b4d9f","module":"auth","requestId":"03e3bc62-b1d3-45e4-b1c8-52761965cee0","msg":"Session created","userId":"usr_d4e5f6","sessionId":"46a6137c-96d5-45f4-ac62-cd2ea15d7bac"}
{"level":30,"time":1710497502205,"pid":48291,"hostname":"prod-api-7b4d9f","module":"cache","msg":"Cache hit: search:results:","key":"search:results:","hit":true,"ttl":2004}
{"level":20,"time":1710497510465,"pid":48291,"hostname":"prod-api-7b4d9f","module":"auth","msg":"Token payload decoded","requestId":"b7f3d3de-2707-481a-bb6f-a416b40aa028","userId":"usr_j0k1l2","exp":1710501110}
{"level":50,"time":1710497517131,"pid":48291,"hostname":"prod-api-7b4d9f","msg":"Redis connection error: ECONNRESET","module":"cache","err":{"message":"ECONNRESET","stack":"Error: read ECONNRESET\n    at TCP.onStreamRead (internal/stream_base_commons.js:209:20)"}}
{"level":20,"time":1710497518518,"pid":48291,"hostname":"prod-api-7b4d9f","module":"scheduler","msg":"Next run for generate_daily_report: 2024-03-15T11:03:58.142Z","task":"send_digest_emails"}
{"level":30,"time":1710497520296,"pid":48291,"hostname":"prod-api-7b4d9f","module":"queue","msg":"Job completed: analytics.aggregate","jobType":"analytics.aggregate","jobId":"32402cfd-7b79-40cf-a3df-63f8ede1c224","duration":3983}
{"level":20,"time":1710497531634,"pid":48291,"hostname":"prod-api-7b4d9f","module":"database","msg":"Query plan: Seq Scan on inventory","requestId":"a810f4dd-5663-47e3-b1af-b26e81924fda","estimatedCost":26.74}
{"level":40,"time":1710497533625,"pid":48291,"hostname":"prod-api-7b4d9f","msg":"Email queue depth exceeding threshold: 427 pending","module":"email","queueDepth":322,"threshold":100}
{"level":30,"time":1710497538813,"pid":48291,"hostname":"prod-api-7b4d9f","module":"http","msg":"GET /api/inventory/:id 200","requestId":"8f55e769-8cfa-448c-b8ad-632cf184f752","method":"GET","url":"/api/inventory/:id","statusCode":200,"responseTime":5,"userId":"usr_v2w3x4","bytesWritten":49510}
{"level":30,"time":1710497541022,"pid":48291,"hostname":"prod-api-7b4d9f","module":"http","msg":"POST /api/auth/login 200","requestId":"e34ca175-4c9c-482d-baa5-59e8ab3e7a0b","method":"POST","url":"/api/auth/login","statusCode":200,"responseTime":69,"userId":"usr_a1b2c3","bytesWritten":16334}
{"level":30,"time":1710497542629,"pid":48291,"hostname":"prod-api-7b4d9f","module":"auth","requestId":"28254307-c181-4331-ad94-9a25920af3b7","msg":"User registered","userId":"usr_7f2671","email":"newuser952@example.com"}
{"level":20,"time":1710497551353,"pid":48291,"hostname":"prod-api-7b4d9f","module":"auth","msg":"Token payload decoded","requestId":"68142141-6df1-4a76-82aa-25aba8c74100","userId":"usr_g7h8i9","exp":1710501151}
{"level":30,"time":1710497579289,"pid":48291,"hostname":"prod-api-7b4d9f","module":"cache","msg":"Cache hit: products:listd2a78316","key":"products:listd2a78316","hit":true,"ttl":614}
{"level":30,"time":1710497582759,"pid":48291,"hostname":"prod-api-7b4d9f","module":"database","msg":"Query executed","query":"SELECT * FROM orders WHERE user_id = $1 ORDER BY created_at DESC","duration":78,"rowCount":38,"requestId":"4c525237-138d-49bb-9919-be4736c2f13e"}
{"level":20,"time":1710497583049,"pid":48291,"hostname":"prod-api-7b4d9f","module":"http","msg":"Request headers parsed","requestId":"9b14b57d-7655-4fe4-b186-4295e6e3b227","headers":{"content-type":"application/json","user-agent":"Mozilla/5.0","accept-encoding":"gzip, deflate"}}
{"level":30,"time":1710497594169,"pid":48291,"hostname":"prod-api-7b4d9f","module":"http","msg":"GET /api/categories 200","requestId":"7b054752-081b-451a-9040-4e802e48a628","method":"GET","url":"/api/categories","statusCode":200,"responseTime":737,"bytesWritten":34402}
{"level":30,"time":1710497596453,"pid":48291,"hostname":"prod-api-7b4d9f","module":"queue","msg":"Job enqueued: inventory.sync","jobType":"inventory.sync","jobId":"2d6ee9a8-8ac7-4550-84d2-6ba02910b04c","priority":"high"}
{"level":20,"time":1710497627302,"pid":48291,"hostname":"prod-api-7b4d9f","module":"auth","msg":"Token payload decoded","requestId":"a2adb38d-30d9-4852-8761-c835c1b139fd","userId":"usr_p6q7r8","exp":1710501227}
{"level":30,"time":1710497648279,"pid":48291,"hostname":"prod-api-7b4d9f","module":"payment","requestId":"3c0535e8-a404-4b18-8e21-8b773cc85af9","msg":"Refund initiated","userId":"usr_a1b2c3","amount":58.18,"currency":"USD","refundId":"ref_6f891ea9"}
{"level":10,"time":1710497669105,"pid":48291,"hostname":"prod-api-7b4d9f","module":"http","msg":"Middleware chain: [cors, helmet, compression, auth, router]","requestId":"0aef0a82-4b9d-4103-beda-a706a46083fe"}
{"level":50,"time":1710497688837,"pid":48291,"hostname":"prod-api-7b4d9f","msg":"Payment declined: insufficient funds","module":"payment","requestId":"3fd2bfb5-b43f-4d0a-85dd-9bfb66e87d77","userId":"usr_d4e5f6","amount":431.94,"currency":"USD"}
{"level":30,"time":1710497691538,"pid":48291,"hostname":"prod-api-7b4d9f","module":"http","msg":"POST /api/webhooks/stripe 200","requestId":"6cffcdec-e63c-48ff-bf89-1f330f0c1eda","method":"POST","url":"/api/webhooks/stripe","statusCode":200,"responseTime":760,"userId":"usr_s9t0u1","bytesWritten":20383}
{"level":20,"time":1710497741479,"pid":48291,"hostname":"prod-api-7b4d9f","module":"database","msg":"Query plan: Seq Scan on orders","requestId":"1bcc5587-3416-487c-8a8c-4cecba2f743c","estimatedCost":87.61}
{"level":20,"time":1710497750248,"pid":48291,"hostname":"prod-api-7b4d9f","module":"scheduler","msg":"Next run for generate_daily_report: 2024-03-15T10:17:05.965Z","task":"process_refunds"}
{"level":10,"time":1710497756926,"pid":48291,"hostname":"prod-api-7b4d9f","module":"scheduler","msg":"Lock acquired for task: process_refunds","lockTTL":30}
{"level":30,"time":1710497776295,"pid":48291,"hostname":"prod-api-7b4d9f","module":"http","msg":"GET /api/products/:id 200","requestId":"e5fee1b6-5d45-4ffe-a5c4-28a4e7882f01","method":"GET","url":"/api/products/:id","statusCode":200,"responseTime":57,"userId":"usr_s9t0u1","bytesWritten":32490}
{"level":40,"time":1710497787383,"pid":48291,"hostname":"prod-api-7b4d9f","msg":"Rate limit approaching for IP 121.129.194.67","module":"auth","requestId":"26120268-5859-4453-9ec4-6b904b84245e","currentRate":89,"limit":100}
{"level":40,"time":1710497787674,"pid":48291,"hostname":"prod-api-7b4d9f","msg":"Payment retry attempt 3 for order ord_aa7ca932","module":"payment","requestId":"d5620444-7590-4149-94e3-27751819a19d","attempt":1}
{"level":30,"time":1710497796941,"pid":48291,"hostname":"prod-api-7b4d9f","module":"payment","requestId":"c5b869c3-dbb4-433f-a92e-d1ebdeaa34ab","msg":"Payment processed successfully","userId":"usr_p6q7r8","amount":227.99,"currency":"USD","orderId":"ord_accd33f9","provider":"stripe"}
{"level":20,"time":1710497798639,"pid":48291,"hostname":"prod-api-7b4d9f","module":"database","msg":"Query plan: Seq Scan on orders","requestId":"6d953bb8-5059-40ed-abcf-33fa941fa12f","estimatedCost":87.05}
{"level":30,"time":1710497799057,"pid":48291,"hostname":"prod-api-7b4d9f","module":"http","msg":"PUT /api/cart 400","requestId":"ca0e34cf-747e-4b07-a8dc-9ad65b9ce7bf","method":"PUT","url":"/api/cart","statusCode":400,"responseTime":81,"userId":"usr_s9t0u1","bytesWritten":24272}
{"level":30,"time":1710497810277,"pid":48291,"hostname":"prod-api-7b4d9f","module":"http","msg":"POST /api/payments/charge 200","requestId":"fef8ee92-da3a-4062-83aa-b08675130007","method":"POST","url":"/api/payments/charge","statusCode":200,"responseTime":433,"userId":"usr_a1b2c3","bytesWritten":41130}
{"level":40,"time":1710497819964,"pid":48291,"hostname":"prod-api-7b4d9f","msg":"Cache memory usage at 87%","module":"cache","memoryUsedMB":914,"memoryMaxMB":1024}
{"level":20,"time":1710497832267,"pid":48291,"hostname":"prod-api-7b4d9f","module":"database","msg":"Query plan: Seq Scan on orders","requestId":"33d47fa9-ce86-402d-9504-06d41384b907","estimatedCost":78.45}
{"level":30,"time":1710497837298,"pid":48291,"hostname":"prod-api-7b4d9f","module":"queue","msg":"Job enqueued: cache.warm","jobType":"cache.warm","jobId":"96e84854-4015-4c62-a35d-a11b45badb5f","priority":"low"}
{"level":50,"time":1710497865668,"pid":48291,"hostname":"prod-api-7b4d9f","msg":"Cron task failed: process_refunds","module":"scheduler","task":"send_digest_emails","err":{"message":"Task execution error","stack":"Error: Task execution error\n    at CronRunner.execute (src/scheduler/runner.js:45:9)"}}
{"level":40,"time":1710497869268,"pid":48291,"hostname":"prod-api-7b4d9f","msg":"Cache memory usage at 83%","module":"cache","memoryUsedMB":916,"memoryMaxMB":1024}
{"level":30,"time":1710497872563,"pid":48291,"hostname":"prod-api-7b4d9f","module":"http","msg":"POST /api/orders 400","requestId":"9a26111b-d71c-488c-a143-544e57fe2474","method":"POST","url":"/api/orders","statusCode":400,"responseTime":361,"userId":"usr_s9t0u1","bytesWritten":24231}
{"level":30,"time":1710497877821,"pid":48291,"hostname":"prod-api-7b4d9f","module":"cache","msg":"Cache miss: categories:all","key":"categories:all","hit":false}
{"level":10,"time":1710497883957,"pid":48291,"hostname":"prod-api-7b4d9f","module":"database","msg":"Pool stats: idle=19 active=10 waiting=2"}
{"level":30,"time":1710497887010,"pid":48291,"hostname":"prod-api-7b4d9f","module":"auth","requestId":"733b5c6c-e620-4062-a4f4-b15ea58ee365","msg":"Token refreshed","userId":"usr_j0k1l2"}
{"level":30,"time":1710497897988,"pid":48291,"hostname":"prod-api-7b4d9f","module":"http","msg":"POST /api/auth/refresh 200","requestId":"e3b9ff16-f65b-4d33-9638-509ee7582836","method":"POST","url":"/api/auth/refresh","statusCode":200,"responseTime":491,"bytesWritten":7132}
{"level":20,"time":1710497915429,"pid":48291,"hostname":"prod-api-7b4d9f","module":"email","msg":"SMTP handshake completed","smtpServer":"smtp.sendgrid.net","tlsVersion":"TLSv1.3"}
{"level":10,"time":1710497927313,"pid":48291,"hostname":"prod-api-7b4d9f","module":"auth","msg":"JWKS cache check: refreshing","kid":"8d82d1ce"}
{"level":30,"time":1710497936351,"pid":48291,"hostname":"prod-api-7b4d9f","module":"auth","requestId":"8393c7a4-9c99-4ca5-b232-fdaa19b5c866","msg":"User login successful","userId":"usr_s9t0u1","ip":"43.178.16.135"}
{"level":30,"time":1710497942539,"pid":48291,"hostname":"prod-api-7b4d9f","module":"scheduler","msg":"Cron job completed: send_digest_emails","task":"send_digest_emails","duration":13739,"itemsProcessed":295}
{"level":20,"time":1710497946011,"pid":48291,"hostname":"prod-api-7b4d9f","module":"auth","msg":"Token payload decoded","requestId":"e3006693-2f41-4135-984d-80c6dde52f18","userId":"usr_v2w3x4","exp":1710501546}
{"level":20,"time":1710497947211,"pid":48291,"hostname":"prod-api-7b4d9f","module":"auth","msg":"Token payload decoded","requestId":"b4b87031-613e-41d1-a3fe-86b0a45eff59","userId":"usr_j0k1l2","exp":1710501547}
{"level":30,"time":1710497957129,"pid":48291,"hostname":"prod-api-7b4d9f","module":"auth","requestId":"80ab3409-9d0e-4952-bcdc-fcb0b03aad81","msg":"Token refreshed","userId":"usr_p6q7r8"}
{"level":50,"time":1710497960742,"pid":48291,"hostname":"prod-api-7b4d9f","msg":"Email delivery failed: mailbox full","module":"email","template":"welcome","recipient":"user292@example.com","err":{"message":"Mailbox full","stack":"Error: Mailbox full\n    at SMTPTransport.send (node_modules/nodemailer/lib/smtp-transport/index.js:287:19)"}}
{"level":30,"time":1710497989685,"pid":48291,"hostname":"prod-api-7b4d9f","module":"http","msg":"DELETE /api/cart/:id 204","requestId":"7a82047f-4b6a-49d7-87f8-d2b5d88a2467","method":"DELETE","url":"/api/cart/:id","statusCode":204,"responseTime":542,"bytesWritten":40800}
{"level":30,"time":1710497994229,"pid":48291,"hostname":"prod-api-7b4d9f","module":"http","msg":"POST /api/webhooks/stripe 400","requestId":"d24c9688-58bf-47da-8079-ee2dabe2b4f5","method":"POST","url":"/api/webhooks/stripe","statusCode":400,"responseTime":283,"userId":"usr_g7h8i9","bytesWritten":32322}
{"level":20,"time":1710497997238,"pid":48291,"hostname":"prod-api-7b4d9f","module":"cache","msg":"Cache operation: GET products:list","latency":0.37}
{"level":40,"time":1710498004840,"pid":48291,"hostname":"prod-api-7b4d9f","msg":"Connection pool at 94% capacity (47/50)","module":"database","poolUsed":42,"poolMax":50}
{"level":40,"time":1710498012158,"pid":48291,"hostname":"prod-api-7b4d9f","msg":"Rate limit approaching for IP 108.124.90.248","module":"auth","requestId":"c706314a-2320-44de-ae95-b1c9d5e8184e","currentRate":85,"limit":100}
{"level":10,"time":1710498012708,"pid":48291,"hostname":"prod-api-7b4d9f","module":"http","msg":"Middleware chain: [cors, helmet, compression, auth, router]","requestId":"02031352-6acf-41e1-b7ec-b80681d32c59"}
{"level":30,"time":1710498032734,"pid":48291,"hostname":"prod-api-7b4d9f","module":"database","msg":"Query executed","query":"SELECT COUNT(*) FROM products WHERE stock > 0","duration":9,"rowCount":19,"requestId":"68f61777-3ffa-497a-8263-c97b7cb176f1"}
{"level":30,"time":1710498053999,"pid":48291,"hostname":"prod-api-7b4d9f","module":"http","msg":"GET /api/categories 200","requestId":"e57ce961-ca6c-4f9b-af6d-32cda7099fb0","method":"GET","url":"/api/categories","statusCode":200,"responseTime":264,"userId":"usr_d4e5f6","bytesWritten":28502}
{"level":30,"time":1710498054769,"pid":48291,"hostname":"prod-api-7b4d9f","module":"http","msg":"POST /api/webhooks/stripe 400","requestId":"56118afb-a1dd-4151-920a-18d7929da86c","method":"POST","url":"/api/webhooks/stripe","statusCode":400,"responseTime":446,"userId":"usr_d4e5f6","bytesWritten":43647}
{"level":30,"time":1710498058012,"pid":48291,"hostname":"prod-api-7b4d9f","module":"http","msg":"POST /api/webhooks/stripe 200","requestId":"8d56663a-6b41-48d5-bdd4-986a8639ef92","method":"POST","url":"/api/webhooks/stripe","statusCode":200,"responseTime":709,"bytesWritten":45886}
{"level":20,"time":1710498062582,"pid":48291,"hostname":"prod-api-7b4d9f","module":"http","msg":"Request headers parsed","requestId":"d1f5b4f5-9f94-45fd-8965-84a4e258772d","headers":{"content-type":"application/json","user-agent":"Mozilla/5.0","accept-encoding":"gzip, deflate"}}
{"level":30,"time":1710498066505,"pid":48291,"hostname":"prod-api-7b4d9f","module":"http","msg":"PUT /api/cart 200","requestId":"97cd831d-1426-430e-8859-23b6530ef15c","method":"PUT","url":"/api/cart","statusCode":200,"responseTime":362,"bytesWritten":26438}
{"level":30,"time":1710498066836,"pid":48291,"hostname":"prod-api-7b4d9f","module":"http","msg":"DELETE /api/cart/:id 204","requestId":"de899320-05a6-441b-9855-cfde93fb88fd","method":"DELETE","url":"/api/cart/:id","statusCode":204,"responseTime":423,"userId":"usr_s9t0u1","bytesWritten":24520}
{"level":30,"time":1710498081532,"pid":48291,"hostname":"prod-api-7b4d9f","module":"email","msg":"Email sent: shipping_update","template":"receipt","recipient":"user137@example.com","deliveryTime":856}
{"level":30,"time":1710498082776,"pid":48291,"hostname":"prod-api-7b4d9f","module":"cache","msg":"Cache miss: cart:","key":"cart:","hit":false}
{"level":10,"time":1710498098494,"pid":48291,"hostname":"prod-api-7b4d9f","module":"auth","msg":"JWKS cache check: valid","kid":"8d6c18f7"}
{"level":40,"time":1710498102457,"pid":48291,"hostname":"prod-api-7b4d9f","msg":"Cache memory usage at 91%","module":"cache","memoryUsedMB":874,"memoryMaxMB":1024}
{"level":40,"time":1710498110265,"pid":48291,"hostname":"prod-api-7b4d9f","msg":"Rate limit approaching for IP 98.206.227.220","module":"auth","requestId":"5cfe75f2-740a-4533-ae41-72fa79a833dd","currentRate":85,"limit":100}
{"level":30,"time":1710498146923,"pid":48291,"hostname":"prod-api-7b4d9f","module":"database","msg":"Query executed","query":"SELECT COUNT(*) FROM products WHERE stock > 0","duration":45,"rowCount":30,"requestId":"fa12c275-b749-43ee-9e15-2208b07efc07"}
{"level":30,"time":1710498157698,"pid":48291,"hostname":"prod-api-7b4d9f","module":"cache","msg":"Cache hit: inventory:eeb25d9a","key":"inventory:eeb25d9a","hit":true,"ttl":2531}
{"level":30,"time":1710498173104,"pid":48291,"hostname":"prod-api-7b4d9f","module":"queue","msg":"Job enqueued: analytics.aggregate","jobType":"analytics.aggregate","jobId":"a7d2b84c-4991-47c6-9417-df47f4d6106c","priority":"low"}
{"level":30,"time":1710498177414,"pid":48291,"hostname":"prod-api-7b4d9f","module":"http","msg":"GET /api/health 200","requestId":"df4f4d61-10d8-4059-9b9c-640c94c16724","method":"GET","url":"/api/health","statusCode":200,"responseTime":442,"bytesWritten":24282}
{"level":30,"time":1710498185719,"pid":48291,"hostname":"prod-api-7b4d9f","module":"http","msg":"GET /api/products/:id 200","requestId":"71181c6c-d1cd-4c01-b3bc-007569920002","method":"GET","url":"/api/products/:id","statusCode":200,"responseTime":410,"userId":"usr_g7h8i9","bytesWritten":7649}
{"level":30,"time":1710498194999,"pid":48291,"hostname":"prod-api-7b4d9f","module":"http","msg":"POST /api/auth/register 400","requestId":"d481d7a1-3c74-46ad-bbac-f8f627856ad5","method":"POST","url":"/api/auth/register","statusCode":400,"responseTime":702,"userId":"usr_g7h8i9","bytesWritten":26668}
{"level":20,"time":1710498195880,"pid":48291,"hostname":"prod-api-7b4d9f","module":"auth","msg":"Token payload decoded","requestId":"0670c5cd-e16e-4bb9-ac88-7ece619e6bdb","userId":"usr_p6q7r8","exp":1710501795}
{"level":10,"time":1710498208966,"pid":48291,"hostname":"prod-api-7b4d9f","module":"email","msg":"Template rendering: receipt","renderTime":17.05}
{"level":30,"time":1710498209557,"pid":48291,"hostname":"prod-api-7b4d9f","module":"http","msg":"GET /api/inventory/:id 200","requestId":"e81dd30d-9ed5-4d91-9155-ba73cf8f4ea5","method":"GET","url":"/api/inventory/:id","statusCode":200,"responseTime":752,"bytesWritten":22095}
{"level":30,"time":1710498213209,"pid":48291,"hostname":"prod-api-7b4d9f","module":"email","msg":"Email sent: password_reset","template":"promotional","recipient":"user588@example.com","deliveryTime":263}
{"level":50,"time":1710498214289,"pid":48291,"hostname":"prod-api-7b4d9f","msg":"Email delivery failed: mailbox full","module":"email","template":"password_reset","recipient":"user347@example.com","err":{"message":"Mailbox full","stack":"Error: Mailbox full\n    at SMTPTransport.send (node_modules/nodemailer/lib/smtp-transport/index.js:287:19)"}}
{"level":40,"time":1710498218452,"pid":48291,"hostname":"prod-api-7b4d9f","msg":"Slow response: /api/auth/refresh took 2980ms","module":"http","requestId":"7d01fc2c-9a31-4379-a9ae-e004f6ada344","responseTime":3106}
{"level":30,"time":1710498228592,"pid":48291,"hostname":"prod-api-7b4d9f","module":"http","msg":"GET /api/inventory/:id 404","requestId":"6e8a1581-a727-4b44-a28a-2ee339a74c4e","method":"GET","url":"/api/inventory/:id","statusCode":404,"responseTime":701,"userId":"usr_j0k1l2","bytesWritten":29321}
{"level":30,"time":1710498237865,"pid":48291,"hostname":"prod-api-7b4d9f","module":"scheduler","msg":"Cron job started: sync_inventory","task":"sync_inventory"}
{"level":30,"time":1710498247400,"pid":48291,"hostname":"prod-api-7b4d9f","module":"scheduler","msg":"Cron job completed: sync_inventory","task":"sync_inventory","duration":10959,"itemsProcessed":718}
{"level":10,"time":1710498259064,"pid":48291,"hostname":"prod-api-7b4d9f","module":"database","msg":"Pool stats: idle=14 active=24 waiting=1"}
{"level":30,"time":1710498261292,"pid":48291,"hostname":"prod-api-7b4d9f","module":"http","msg":"POST /api/payments/charge 500","requestId":"dd3a8599-2b78-4bc8-968a-c536b60e0ada","method":"POST","url":"/api/payments/charge","statusCode":500,"responseTime":747,"userId":"usr_v2w3x4","bytesWritten":2456}
{"level":30,"time":1710498263784,"pid":48291,"hostname":"prod-api-7b4d9f","module":"auth","requestId":"6bcd52a3-ebac-4372-a347-38d580ef4cfb","msg":"Session created","userId":"usr_a1b2c3","sessionId":"88ccad0c-37d0-4f48-9130-9c13a26cf0aa"}
{"level":30,"time":1710498280131,"pid":48291,"hostname":"prod-api-7b4d9f","module":"http","msg":"GET /api/products 304","requestId":"6c985cc9-9db2-47eb-a306-e14dbad113df","method":"GET","url":"/api/products","statusCode":304,"responseTime":338,"userId":"usr_j0k1l2","bytesWritten":36116}
{"level":50,"time":1710498295843,"pid":48291,"hostname":"prod-api-7b4d9f","msg":"Cron task failed: sync_inventory","module":"scheduler","task":"process_refunds","err":{"message":"Task execution error","stack":"Error: Task execution error\n    at CronRunner.execute (src/scheduler/runner.js:45:9)"}}
{"level":20,"time":1710498304036,"pid":48291,"hostname":"prod-api-7b4d9f","module":"email","msg":"SMTP handshake completed","smtpServer":"smtp.sendgrid.net","tlsVersion":"TLSv1.3"}
{"level":30,"time":1710498310304,"pid":48291,"hostname":"prod-api-7b4d9f","module":"payment","requestId":"1f17133c-9f15-4f65-b210-d46b3c70fa90","msg":"Refund initiated","userId":"usr_p6q7r8","amount":193.02,"currency":"USD","refundId":"ref_c0633c3b"}
{"level":30,"time":1710498313145,"pid":48291,"hostname":"prod-api-7b4d9f","module":"payment","requestId":"aab40598-faa6-4b33-9e3b-e4f2480cac53","msg":"Payment processed successfully","userId":"usr_a1b2c3","amount":150.16,"currency":"USD","orderId":"ord_3a8a8469","provider":"stripe"}
{"level":30,"time":1710498318129,"pid":48291,"hostname":"prod-api-7b4d9f","module":"queue","msg":"Job enqueued: order.process","jobType":"order.process","jobId":"9f3f4a55-3d42-4f97-9c5b-66d4685a5b6e","priority":"high"}
{"level":30,"time":1710498329458,"pid":48291,"hostname":"prod-api-7b4d9f","module":"email","msg":"Email sent: welcome","template":"password_reset","recipient":"user71@example.com","deliveryTime":1604}
{"level":20,"time":1710498355223,"pid":48291,"hostname":"prod-api-7b4d9f","module":"http","msg":"Request headers parsed","requestId":"dbbdc176-2543-4805-ad37-a4ddbdfb7654","headers":{"content-type":"application/json","user-agent":"Mozilla/5.0","accept-encoding":"gzip, deflate"}}
{"level":30,"time":1710498356037,"pid":48291,"hostname":"prod-api-7b4d9f","module":"http","msg":"POST /api/webhooks/stripe 400","requestId":"51837f41-63ee-494a-bce0-225694cdf98b","method":"POST","url":"/api/webhooks/stripe","statusCode":400,"responseTime":658,"bytesWritten":3444}
{"level":40,"time":1710498363036,"pid":48291,"hostname":"prod-api-7b4d9f","msg":"Cache memory usage at 94%","module":"cache","memoryUsedMB":878,"memoryMaxMB":1024}
{"level":30,"time":1710498363369,"pid":48291,"hostname":"prod-api-7b4d9f","module":"http","msg":"GET /api/inventory/:id 404","requestId":"8071918c-f129-4f99-8fea-e9c9032c7ec6","method":"GET","url":"/api/inventory/:id","statusCode":404,"responseTime":472,"userId":"usr_a1b2c3","bytesWritten":21167}
{"level":50,"time":1710498372223,"pid":48291,"hostname":"prod-api-7b4d9f","msg":"Payment declined: insufficient funds","module":"payment","requestId":"b4add379-2de6-4c94-82d2-e0a7f55419b1","userId":"usr_j0k1l2","amount":15.03,"currency":"USD"}
{"level":20,"time":1710498381074,"pid":48291,"hostname":"prod-api-7b4d9f","module":"payment","msg":"Stripe API call: refunds.create","requestId":"bb4f594a-8c6e-46af-8bfe-963bddf75cde","duration":383}
{"level":30,"time":1710498391741,"pid":48291,"hostname":"prod-api-7b4d9f","module":"http","msg":"GET /api/health 200","requestId":"7e727c54-e666-4245-9807-3eaad2ace19a","method":"GET","url":"/api/health","statusCode":200,"responseTime":646,"userId":"usr_a1b2c3","bytesWritten":9391}
{"level":30,"time":1710498398646,"pid":48291,"hostname":"prod-api-7b4d9f","module":"http","msg":"GET /api/products/:id 500","requestId":"718f4d29-51e2-4941-8ce1-7e88368bcfbc","method":"GET","url":"/api/products/:id","statusCode":500,"responseTime":385,"userId":"usr_g7h8i9","bytesWritten":27020}
{"level":20,"time":1710498408376,"pid":48291,"hostname":"prod-api-7b4d9f","module":"database","msg":"Query plan: Seq Scan on products","requestId":"58d14d63-333c-4ce8-9c67-1a12865ec385","estimatedCost":85.33}
{"level":30,"time":1710498411588,"pid":48291,"hostname":"prod-api-7b4d9f","module":"database","msg":"Query executed","query":"SELECT * FROM products WHERE category_id = $1","duration":77,"rowCount":73,"requestId":"91cc9fe1-7cdc-4e3a-8c1d-2a61659bedef"}
{"level":20,"time":1710498412338,"pid":48291,"hostname":"prod-api-7b4d9f","module":"cache","msg":"Cache operation: DEL products:list","latency":4.28}
{"level":30,"time":1710498421078,"pid":48291,"hostname":"prod-api-7b4d9f","module":"scheduler","msg":"Cron job started: cleanup_expired_sessions","task":"cleanup_expired_sessions"}
{"level":20,"time":1710498433877,"pid":48291,"hostname":"prod-api-7b4d9f","module":"payment","msg":"Stripe API call: charges.create","requestId":"2fa7cc34-9c71-42dd-9cbf-747f20051905","duration":476}
{"level":50,"time":1710498434050,"pid":48291,"hostname":"prod-api-7b4d9f","msg":"Payment declined: insufficient funds","module":"payment","requestId":"ea43e7c6-e00e-43ff-bb4f-ab3780cecbdd","userId":"usr_p6q7r8","amount":133.06,"currency":"USD"}
{"level":30,"time":1710498438272,"pid":48291,"hostname":"prod-api-7b4d9f","module":"payment","requestId":"e92f6bd8-35a4-409e-9768-7844eafb1862","msg":"Refund initiated","userId":"usr_d4e5f6","amount":161.11,"currency":"USD","refundId":"ref_08d3f374"}
{"level":30,"time":1710498452138,"pid":48291,"hostname":"prod-api-7b4d9f","module":"queue","msg":"Job completed: inventory.sync","jobType":"inventory.sync","jobId":"e8c7a25b-0b4a-4fdd-a120-894d3ffef936","duration":2894}
{"level":20,"time":1710498465030,"pid":48291,"hostname":"prod-api-7b4d9f","module":"scheduler","msg":"Next run for warm_cache: 2024-03-15T11:23:45.557Z","task":"send_digest_emails"}
{"level":10,"time":1710498472254,"pid":48291,"hostname":"prod-api-7b4d9f","module":"http","msg":"Middleware chain: [cors, helmet, compression, auth, router]","requestId":"c8a720b6-ad94-4aba-9a10-7109c98ce0fe"}
{"level":30,"time":1710498474948,"pid":48291,"hostname":"prod-api-7b4d9f","module":"http","msg":"POST /api/auth/login 401","requestId":"de8926dc-8f83-493e-8bbc-ed6e2121ef76","method":"POST","url":"/api/auth/login","statusCode":401,"responseTime":405,"userId":"usr_j0k1l2","bytesWritten":46836}
{"level":30,"time":1710498478413,"pid":48291,"hostname":"prod-api-7b4d9f","module":"http","msg":"POST /api/auth/refresh 200","requestId":"0f102116-1c2f-4651-b32e-026dab871500","method":"POST","url":"/api/auth/refresh","statusCode":200,"responseTime":417,"userId":"usr_j0k1l2","bytesWritten":34992}
{"level":20,"time":1710498481932,"pid":48291,"hostname":"prod-api-7b4d9f","module":"queue","msg":"Worker polling: cache.warm queue","pendingJobs":1,"activeWorkers":3}
{"level":30,"time":1710498492267,"pid":48291,"hostname":"prod-api-7b4d9f","module":"payment","requestId":"3e35ea0e-aee6-4cc5-b276-1e19036318e9","msg":"Refund initiated","userId":"usr_d4e5f6","amount":145.04,"currency":"USD","refundId":"ref_14c0fc26"}
{"level":40,"time":1710498502056,"pid":48291,"hostname":"prod-api-7b4d9f","msg":"Payment retry attempt 2 for order ord_2697c1a3","module":"payment","requestId":"6f67d39c-df12-4f61-ac88-9c772e24515e","attempt":2}
{"level":10,"time":1710498503635,"pid":48291,"hostname":"prod-api-7b4d9f","module":"email","msg":"Template rendering: welcome","renderTime":18.54}
{"level":40,"time":1710498514941,"pid":48291,"hostname":"prod-api-7b4d9f","msg":"Connection pool at 93% capacity (43/50)","module":"database","poolUsed":46,"poolMax":50}
{"level":30,"time":1710498547099,"pid":48291,"hostname":"prod-api-7b4d9f","module":"scheduler","msg":"Cron job completed: cleanup_expired_sessions","task":"cleanup_expired_sessions","duration":2124,"itemsProcessed":44}
{"level":20,"time":1710498549847,"pid":48291,"hostname":"prod-api-7b4d9f","module":"auth","msg":"Token payload decoded","requestId":"b1f3000a-2886-46e9-b0eb-d6e34d2e1ebb","userId":"usr_j0k1l2","exp":1710502149}
{"level":20,"time":1710498551187,"pid":48291,"hostname":"prod-api-7b4d9f","module":"database","msg":"Query plan: Seq Scan on users","requestId":"7e93a549-db82-4cc6-a5df-18ac143ac5b5","estimatedCost":67.81}
{"level":50,"time":1710498567970,"pid":48291,"hostname":"prod-api-7b4d9f","msg":"Email delivery failed: mailbox full","module":"email","template":"receipt","recipient":"user792@example.com","err":{"message":"Mailbox full","stack":"Error: Mailbox full\n    at SMTPTransport.send (node_modules/nodemailer/lib/smtp-transport/index.js:287:19)"}}
{"level":30,"time":1710498576733,"pid":48291,"hostname":"prod-api-7b4d9f","module":"http","msg":"POST /api/auth/refresh 200","requestId":"5347500a-3bb8-4d58-8303-11fac8aac77a","method":"POST","url":"/api/auth/refresh","statusCode":200,"responseTime":599,"userId":"usr_p6q7r8","bytesWritten":44641}
{"level":50,"time":1710498579897,"pid":48291,"hostname":"prod-api-7b4d9f","msg":"Job failed after 5 retries: analytics.aggregate","module":"queue","jobType":"order.process","jobId":"fd0c9fda-5802-4f18-a2ec-036055f59633","retries":2,"err":{"message":"Max retries exceeded","stack":"Error: Max retries exceeded\n    at Worker.processJob (src/queue/worker.js:78:11)"}}
{"level":30,"time":1710498590984,"pid":48291,"hostname":"prod-api-7b4d9f","module":"cache","msg":"Cache hit: config:site5155dabe","key":"config:site5155dabe","hit":true,"ttl":475}
{"level":30,"time":1710498606540,"pid":48291,"hostname":"prod-api-7b4d9f","module":"http","msg":"GET /api/inventory/:id 200","requestId":"f1183c97-f6d6-49c5-ae11-5fb4e6beff09","method":"GET","url":"/api/inventory/:id","statusCode":200,"responseTime":567,"userId":"usr_j0k1l2","bytesWritten":12691}
{"level":30,"time":1710498611408,"pid":48291,"hostname":"prod-api-7b4d9f","module":"email","msg":"Email sent: order_confirmation","template":"promotional","recipient":"user697@example.com","deliveryTime":857}
{"level":10,"time":1710498611416,"pid":48291,"hostname":"prod-api-7b4d9f","module":"scheduler","msg":"Lock acquired for task: cleanup_expired_sessions","lockTTL":30}
{"level":30,"time":1710498636398,"pid":48291,"hostname":"prod-api-7b4d9f","module":"payment","requestId":"df961423-53d0-4b7e-a6d1-8d5195caa8e2","msg":"Payment processed successfully","userId":"usr_j0k1l2","amount":201.29,"currency":"USD","orderId":"ord_11feca71","provider":"stripe"}
{"level":20,"time":1710498640932,"pid":48291,"hostname":"prod-api-7b4d9f","module":"queue","msg":"Worker polling: cleanup.sessions queue","pendingJobs":6,"activeWorkers":1}
{"level":20,"time":1710498655683,"pid":48291,"hostname":"prod-api-7b4d9f","module":"scheduler","msg":"Next run for sync_inventory: 2024-03-15T10:41:20.287Z","task":"send_digest_emails"}
{"level":30,"time":1710498656861,"pid":48291,"hostname":"prod-api-7b4d9f","module":"cache","msg":"Cache hit: config:site","key":"config:site","hit":true,"ttl":1361}
{"level":10,"time":1710498657633,"pid":48291,"hostname":"prod-api-7b4d9f","module":"email","msg":"Template rendering: welcome","renderTime":5.58}
{"level":30,"time":1710498677097,"pid":48291,"hostname":"prod-api-7b4d9f","module":"database","msg":"Query executed","query":"SELECT * FROM users WHERE email = $1","duration":41,"rowCount":26,"requestId":"b37df721-3b00-48d7-977e-dfc6e10b573c"}
{"level":20,"time":1710498678809,"pid":48291,"hostname":"prod-api-7b4d9f","module":"database","msg":"Query plan: Seq Scan on products","requestId":"df14efac-954a-456a-870f-03719a13b064","estimatedCost":93.05}
{"level":30,"time":1710498683999,"pid":48291,"hostname":"prod-api-7b4d9f","module":"cache","msg":"Cache hit: config:site","key":"config:site","hit":true,"ttl":470}
{"level":30,"time":1710498686104,"pid":48291,"hostname":"prod-api-7b4d9f","module":"http","msg":"DELETE /api/cart/:id 404","requestId":"aacbf010-f658-4cda-94d7-7daf9ebb2254","method":"DELETE","url":"/api/cart/:id","statusCode":404,"responseTime":155,"userId":"usr_s9t0u1","bytesWritten":20628}
{"level":50,"time":1710498693135,"pid":48291,"hostname":"prod-api-7b4d9f","msg":"Authentication failed: invalid token signature","module":"auth","requestId":"0e17db3d-5ee8-4756-8374-057cdd4985f4","userId":"usr_p6q7r8","err":{"message":"JsonWebTokenError: invalid signature","stack":"JsonWebTokenError: invalid signature\n    at verify (node_modules/jsonwebtoken/verify.js:126:19)"}}
{"level":50,"time":1710498694320,"pid":48291,"hostname":"prod-api-7b4d9f","msg":"Payment declined: insufficient funds","module":"payment","requestId":"10d458eb-96ea-4d1e-882e-60e066b76a59","userId":"usr_g7h8i9","amount":378.73,"currency":"USD"}
{"level":30,"time":1710498696076,"pid":48291,"hostname":"prod-api-7b4d9f","module":"auth","requestId":"1cc4d4b6-8b58-4377-adb3-7e1c9f25c856","msg":"Password reset requested","email":"user18@example.com"}
{"level":50,"time":1710498696371,"pid":48291,"hostname":"prod-api-7b4d9f","msg":"Cron task failed: generate_daily_report","module":"scheduler","task":"send_digest_emails","err":{"message":"Task execution error","stack":"Error: Task execution error\n    at CronRunner.execute (src/scheduler/runner.js:45:9)"}}
{"level":30,"time":1710498704103,"pid":48291,"hostname":"prod-api-7b4d9f","module":"auth","requestId":"6fa80b7f-2d6b-4938-8794-695156e72b71","msg":"User registered","userId":"usr_253855","email":"newuser80@example.com"}
{"level":10,"time":1710498712636,"pid":48291,"hostname":"prod-api-7b4d9f","module":"http","msg":"Middleware chain: [cors, helmet, compression, auth, router]","requestId":"62b230c1-1ae6-4e00-8d7e-a43001e56f12"}
{"level":50,"time":1710498717275,"pid":48291,"hostname":"prod-api-7b4d9f","msg":"Email delivery failed: mailbox full","module":"email","template":"shipping_update","recipient":"user195@example.com","err":{"message":"Mailbox full","stack":"Error: Mailbox full\n    at SMTPTransport.send (node_modules/nodemailer/lib/smtp-transport/index.js:287:19)"}}
{"level":30,"time":1710498721211,"pid":48291,"hostname":"prod-api-7b4d9f","module":"http","msg":"GET /api/orders/:id 404","requestId":"48768577-bd17-4c91-b407-377ba97b5823","method":"GET","url":"/api/orders/:id","statusCode":404,"responseTime":692,"bytesWritten":8055}
{"level":30,"time":1710498734307,"pid":48291,"hostname":"prod-api-7b4d9f","module":"cache","msg":"Cache hit: categories:all","key":"categories:all","hit":true,"ttl":2738}
{"level":30,"time":1710498750178,"pid":48291,"hostname":"prod-api-7b4d9f","module":"cache","msg":"Cache miss: cart:","key":"cart:","hit":false}
{"level":50,"time":1710498762784,"pid":48291,"hostname":"prod-api-7b4d9f","msg":"Query timeout after 8433ms","module":"database","requestId":"a3cd336f-0c9b-40dc-944d-b51fc4f33466","query":"UPDATE cart SET quantity = $1 WHERE id = $2","duration":29275,"err":{"message":"Query read timeout","stack":"Error: Query read timeout\n    at Connection.parseE (node_modules/pg/lib/connection.js:614:13)"}}
{"level":30,"time":1710498766925,"pid":48291,"hostname":"prod-api-7b4d9f","module":"http","msg":"GET /api/inventory/:id 200","requestId":"cb5fc82c-baef-45e1-a769-509ac823d52a","method":"GET","url":"/api/inventory/:id","statusCode":200,"responseTime":177,"bytesWritten":29629}
{"level":30,"time":1710498774787,"pid":48291,"hostname":"prod-api-7b4d9f","module":"auth","requestId":"30b28444-d7df-487e-b7f4-110e5450b42c","msg":"User login successful","userId":"usr_j0k1l2","ip":"52.52.101.89"}
{"level":10,"time":1710498783890,"pid":48291,"hostname":"prod-api-7b4d9f","module":"email","msg":"Template rendering: shipping_update","renderTime":20.06}
{"level":40,"time":1710498800766,"pid":48291,"hostname":"prod-api-7b4d9f","msg":"Payment retry attempt 1 for order ord_6d877abc","module":"payment","requestId":"ab0a4d5a-2ba6-4ecf-a25d-4c345a645479","attempt":3}
{"level":40,"time":1710498804935,"pid":48291,"hostname":"prod-api-7b4d9f","msg":"Task generate_daily_report running longer than expected: 96s","module":"scheduler","task":"warm_cache","durationSec":48}
{"level":30,"time":1710498806407,"pid":48291,"hostname":"prod-api-7b4d9f","module":"auth","requestId":"109bd36e-8269-4242-89f6-d4a0ed3ec0dc","msg":"User registered","userId":"usr_2cd355","email":"newuser9@example.com"}
{"level":10,"time":1710498815463,"pid":48291,"hostname":"prod-api-7b4d9f","module":"payment","msg":"Webhook signature verification","webhookId":"wh_afec805f"}
{"level":30,"time":1710498831512,"pid":48291,"hostname":"prod-api-7b4d9f","module":"http","msg":"GET /api/users/me 401","requestId":"00d3a1f3-2c62-494e-9264-4002476291b6","method":"GET","url":"/api/users/me","statusCode":401,"responseTime":285,"bytesWritten":18367}
{"level":20,"time":1710498837633,"pid":48291,"hostname":"prod-api-7b4d9f","module":"payment","msg":"Stripe API call: refunds.create","requestId":"378e3e3f-2cc2-4bc2-af9b-4575c3629926","duration":710}
{"level":50,"time":1710498838008,"pid":48291,"hostname":"prod-api-7b4d9f","msg":"Email delivery failed: mailbox full","module":"email","template":"password_reset","recipient":"user729@example.com","err":{"message":"Mailbox full","stack":"Error: Mailbox full\n    at SMTPTransport.send (node_modules/nodemailer/lib/smtp-transport/index.js:287:19)"}}
{"level":20,"time":1710498841050,"pid":48291,"hostname":"prod-api-7b4d9f","module":"email","msg":"SMTP handshake completed","smtpServer":"smtp.sendgrid.net","tlsVersion":"TLSv1.3"}
{"level":30,"time":1710498868601,"pid":48291,"hostname":"prod-api-7b4d9f","module":"http","msg":"GET /api/products/:id 200","requestId":"1c25691f-d33c-441e-877f-62757f985027","method":"GET","url":"/api/products/:id","statusCode":200,"responseTime":564,"bytesWritten":30562}
{"level":20,"time":1710498902426,"pid":48291,"hostname":"prod-api-7b4d9f","module":"email","msg":"SMTP handshake completed","smtpServer":"smtp.sendgrid.net","tlsVersion":"TLSv1.3"}
{"level":30,"time":1710498903990,"pid":48291,"hostname":"prod-api-7b4d9f","module":"database","msg":"Query executed","query":"UPDATE inventory SET stock = stock - $1 WHERE product_id = $2","duration":11,"rowCount":62,"requestId":"c49371a9-8d1c-4dad-a97d-8834aaffe5b8"}
{"level":10,"time":1710498910669,"pid":48291,"hostname":"prod-api-7b4d9f","module":"scheduler","msg":"Lock acquired for task: generate_daily_report","lockTTL":30}
{"level":60,"time":1710498933343,"pid":48291,"hostname":"prod-api-7b4d9f","module":"database","msg":"Database connection pool exhausted - all connections busy","err":{"message":"Connection pool exhausted","stack":"Error: Connection pool exhausted\n    at Pool.acquire (node_modules/pg-pool/index.js:45:11)\n    at Client.connect (node_modules/pg/lib/client.js:82:19)\n    at processTicksAndRejections (internal/process/task_queues.js:95:5)"}}
{"level":30,"time":1710498942710,"pid":48291,"hostname":"prod-api-7b4d9f","module":"queue","msg":"Job completed: analytics.aggregate","jobType":"analytics.aggregate","jobId":"3d501da2-62ea-41a9-8206-55c504143f50","duration":1410}
{"level":30,"time":1710498945091,"pid":48291,"hostname":"prod-api-7b4d9f","module":"http","msg":"GET /api/inventory/:id 200","requestId":"ac742176-34a5-4868-a547-afaf8850d01a","method":"GET","url":"/api/inventory/:id","statusCode":200,"responseTime":767,"userId":"usr_a1b2c3","bytesWritten":30127}
{"level":30,"time":1710498947004,"pid":48291,"hostname":"prod-api-7b4d9f","module":"http","msg":"GET /api/search 200","requestId":"4c2cf96c-e716-4ee4-8579-0b99babd63f7","method":"GET","url":"/api/search","statusCode":200,"responseTime":692,"bytesWritten":14643}
{"level":30,"time":1710498955303,"pid":48291,"hostname":"prod-api-7b4d9f","module":"scheduler","msg":"Cron job started: warm_cache","task":"warm_cache"}
{"level":30,"time":1710498959415,"pid":48291,"hostname":"prod-api-7b4d9f","module":"email","msg":"Email sent: receipt","template":"order_confirmation","recipient":"user794@example.com","deliveryTime":272}
{"level":40,"time":1710498959839,"pid":48291,"hostname":"prod-api-7b4d9f","msg":"Connection pool at 94% capacity (46/50)","module":"database","poolUsed":45,"poolMax":50}
{"level":30,"time":1710498960404,"pid":48291,"hostname":"prod-api-7b4d9f","module":"auth","requestId":"c2aef889-cb53-461e-a610-6c2262cd8b8c","msg":"User login successful","userId":"usr_m3n4o5","ip":"109.242.251.4"}
{"level":20,"time":1710498960655,"pid":48291,"hostname":"prod-api-7b4d9f","module":"payment","msg":"Stripe API call: payment_intents.create","requestId":"251811a5-dfb4-4ccd-9793-ce056719acff","duration":214}
{"level":30,"time":1710498962228,"pid":48291,"hostname":"prod-api-7b4d9f","module":"scheduler","msg":"Cron job started: process_refunds","task":"process_refunds"}
{"level":30,"time":1710498963740,"pid":48291,"hostname":"prod-api-7b4d9f","module":"auth","requestId":"c67dcad9-6b53-442f-adfe-74cb71772c2e","msg":"User login successful","userId":"usr_j0k1l2","ip":"162.202.123.83"}
{"level":30,"time":1710498966237,"pid":48291,"hostname":"prod-api-7b4d9f","module":"email","msg":"Email sent: shipping_update","template":"receipt","recipient":"user759@example.com","deliveryTime":153}
{"level":20,"time":1710498967188,"pid":48291,"hostname":"prod-api-7b4d9f","module":"email","msg":"SMTP handshake completed","smtpServer":"smtp.sendgrid.net","tlsVersion":"TLSv1.3"}
{"level":20,"time":1710498968278,"pid":48291,"hostname":"prod-api-7b4d9f","module":"auth","msg":"Token payload decoded","requestId":"ab7f3f35-2914-4eb9-b81c-5d7bf6d56331","userId":"usr_a1b2c3","exp":1710502568}
{"level":50,"time":1710498974568,"pid":48291,"hostname":"prod-api-7b4d9f","msg":"Query timeout after 13769ms","module":"database","requestId":"b2361621-ea3a-49f9-a12b-1c0f55ae7329","query":"SELECT * FROM orders WHERE user_id = $1 ORDER BY created_at DESC","duration":18774,"err":{"message":"Query read timeout","stack":"Error: Query read timeout\n    at Connection.parseE (node_modules/pg/lib/connection.js:614:13)"}}
{"level":20,"time":1710498974623,"pid":48291,"hostname":"prod-api-7b4d9f","module":"email","msg":"SMTP handshake completed","smtpServer":"smtp.sendgrid.net","tlsVersion":"TLSv1.3"}
{"level":30,"time":1710498974825,"pid":48291,"hostname":"prod-api-7b4d9f","module":"http","msg":"GET /api/health 200","requestId":"68aa2927-f3de-4c2f-89c9-0f67bf6b34d5","method":"GET","url":"/api/health","statusCode":200,"responseTime":732,"userId":"usr_m3n4o5","bytesWritten":37124}
{"level":20,"time":1710498975164,"pid":48291,"hostname":"prod-api-7b4d9f","module":"email","msg":"SMTP handshake completed","smtpServer":"smtp.sendgrid.net","tlsVersion":"TLSv1.3"}
{"level":30,"time":1710498975967,"pid":48291,"hostname":"prod-api-7b4d9f","module":"auth","requestId":"2eb314f7-45b7-47f3-b9f2-106889f8a3f3","msg":"User login successful","userId":"usr_s9t0u1","ip":"51.249.230.5"}
{"level":30,"time":1710498979855,"pid":48291,"hostname":"prod-api-7b4d9f","module":"auth","requestId":"532a99cc-64e6-4b8f-bc84-923f1bff1312","msg":"Password reset requested","email":"user294@example.com"}
{"level":30,"time":1710498984121,"pid":48291,"hostname":"prod-api-7b4d9f","module":"auth","requestId":"b1d7eb96-931e-4376-a6b6-180bdb8b65ec","msg":"Token refreshed","userId":"usr_g7h8i9"}
{"level":50,"time":1710498987419,"pid":48291,"hostname":"prod-api-7b4d9f","msg":"Email delivery failed: mailbox full","module":"email","template":"promotional","recipient":"user555@example.com","err":{"message":"Mailbox full","stack":"Error: Mailbox full\n    at SMTPTransport.send (node_modules/nodemailer/lib/smtp-transport/index.js:287:19)"}}
{"level":50,"time":1710498988275,"pid":48291,"hostname":"prod-api-7b4d9f","msg":"Query timeout after 5741ms","module":"database","requestId":"5481ef27-e8a9-48fd-86a5-6aae46f49aae","query":"UPDATE cart SET quantity = $1 WHERE id = $2","duration":22348,"err":{"message":"Query read timeout","stack":"Error: Query read timeout\n    at Connection.parseE (node_modules/pg/lib/connection.js:614:13)"}}
{"level":30,"time":1710498991450,"pid":48291,"hostname":"prod-api-7b4d9f","module":"auth","requestId":"3d6049ae-4fca-4850-bbd5-a3528baac0e9","msg":"Password reset requested","email":"user109@example.com"}
{"level":30,"time":1710498992102,"pid":48291,"hostname":"prod-api-7b4d9f","module":"scheduler","msg":"Cron job completed: process_refunds","task":"process_refunds","duration":9708,"itemsProcessed":586}
{"level":30,"time":1710498992135,"pid":48291,"hostname":"prod-api-7b4d9f","module":"http","msg":"GET /api/orders/:id 200","requestId":"62a2a08b-6c72-4d3e-b3b3-6a7abb23997e","method":"GET","url":"/api/orders/:id","statusCode":200,"responseTime":476,"bytesWritten":33816}
{"level":30,"time":1710498994204,"pid":48291,"hostname":"prod-api-7b4d9f","module":"http","msg":"GET /api/health 200","requestId":"ed593fba-57d1-400c-9790-41c24c49c8d1","method":"GET","url":"/api/health","statusCode":200,"responseTime":728,"bytesWritten":29802}
{"level":20,"time":1710498997762,"pid":48291,"hostname":"prod-api-7b4d9f","module":"cache","msg":"Cache operation: EXPIRE config:site","latency":1.41}
{"level":40,"time":1710498999346,"pid":48291,"hostname":"prod-api-7b4d9f","msg":"Rate limit approaching for IP 175.73.138.228","module":"auth","requestId":"fc6ff342-5c93-48f8-ba9c-04a8b3062349","currentRate":88,"limit":100}
{"level":10,"time":1710499001717,"pid":48291,"hostname":"prod-api-7b4d9f","module":"payment","msg":"Webhook signature verification","webhookId":"wh_def390ac"}
{"level":20,"time":1710499001742,"pid":48291,"hostname":"prod-api-7b4d9f","module":"cache","msg":"Cache operation: DEL products:list","latency":0.38}
{"level":20,"time":1710499003867,"pid":48291,"hostname":"prod-api-7b4d9f","module":"scheduler","msg":"Next run for cleanup_expired_sessions: 2024-03-15T11:05:42.373Z","task":"send_digest_emails"}
{"level":30,"time":1710499005998,"pid":48291,"hostname":"prod-api-7b4d9f","module":"payment","requestId":"5411b390-2df8-4e7b-ac02-b3ed5f6c5267","msg":"Payment processed successfully","userId":"usr_p6q7r8","amount":224.14,"currency":"USD","orderId":"ord_c0cb6553","provider":"stripe"}
{"level":30,"time":1710499010319,"pid":48291,"hostname":"prod-api-7b4d9f","module":"http","msg":"POST /api/auth/refresh 200","requestId":"62293946-9a30-4d9f-909d-251872b479a8","method":"POST","url":"/api/auth/refresh","statusCode":200,"responseTime":180,"userId":"usr_p6q7r8","bytesWritten":6759}
{"level":30,"time":1710499010957,"pid":48291,"hostname":"prod-api-7b4d9f","module":"database","msg":"Query executed","query":"UPDATE inventory SET stock = stock - $1 WHERE product_id = $2","duration":187,"rowCount":53,"requestId":"778e3afd-076a-440d-82f2-1e2dee287ec8"}
{"level":30,"time":1710499013145,"pid":48291,"hostname":"prod-api-7b4d9f","module":"cache","msg":"Cache hit: cart:","key":"cart:","hit":true,"ttl":3293}
{"level":20,"time":1710499013320,"pid":48291,"hostname":"prod-api-7b4d9f","module":"scheduler","msg":"Next run for send_digest_emails: 2024-03-15T10:51:04.430Z","task":"warm_cache"}
{"level":10,"time":1710499013494,"pid":48291,"hostname":"prod-api-7b4d9f","module":"email","msg":"Template rendering: order_confirmation","renderTime":8.33}
{"level":40,"time":1710499016563,"pid":48291,"hostname":"prod-api-7b4d9f","msg":"Slow response: /api/products took 2655ms","module":"http","requestId":"5a8369bc-75a6-4411-86d0-5f9a560280ca","responseTime":2212}
{"level":10,"time":1710499022370,"pid":48291,"hostname":"prod-api-7b4d9f","module":"email","msg":"Template rendering: welcome","renderTime":13.65}
{"level":40,"time":1710499024169,"pid":48291,"hostname":"prod-api-7b4d9f","msg":"Job queue backlog growing: 67 pending jobs","module":"queue","pendingJobs":155}
{"level":20,"time":1710499026032,"pid":48291,"hostname":"prod-api-7b4d9f","module":"cache","msg":"Cache operation: EXPIRE inventory:","latency":4.91}
{"level":20,"time":1710499026859,"pid":48291,"hostname":"prod-api-7b4d9f","module":"scheduler","msg":"Next run for warm_cache: 2024-03-15T10:47:19.967Z","task":"send_digest_emails"}
{"level":30,"time":1710499029550,"pid":48291,"hostname":"prod-api-7b4d9f","module":"cache","msg":"Cache hit: products:list","key":"products:list","hit":true,"ttl":2288}
{"level":30,"time":1710499031556,"pid":48291,"hostname":"prod-api-7b4d9f","module":"http","msg":"GET /api/users/me 401","requestId":"a82759c3-d151-4e2b-86f8-f0f9d111a173","method":"GET","url":"/api/users/me","statusCode":401,"responseTime":542,"userId":"usr_j0k1l2","bytesWritten":16598}
{"level":30,"time":1710499033793,"pid":48291,"hostname":"prod-api-7b4d9f","module":"http","msg":"PUT /api/cart 200","requestId":"8ad8d14e-bdf7-4040-8f70-61d1bbbe2500","method":"PUT","url":"/api/cart","statusCode":200,"responseTime":359,"userId":"usr_g7h8i9","bytesWritten":10920}
{"level":30,"time":1710499040442,"pid":48291,"hostname":"prod-api-7b4d9f","module":"auth","requestId":"7f428995-6e2c-48c8-973a-d951cc6d9ca0","msg":"User registered","userId":"usr_f494c6","email":"newuser259@example.com"}
{"level":20,"time":1710499041294,"pid":48291,"hostname":"prod-api-7b4d9f","module":"queue","msg":"Worker polling: report.generate queue","pendingJobs":13,"activeWorkers":4}
{"level":50,"time":1710499044157,"pid":48291,"hostname":"prod-api-7b4d9f","msg":"Payment declined: insufficient funds","module":"payment","requestId":"83a0c07d-441b-4e72-9aeb-511896bd4b04","userId":"usr_p6q7r8","amount":109.11,"currency":"USD"}
{"level":30,"time":1710499047819,"pid":48291,"hostname":"prod-api-7b4d9f","module":"http","msg":"GET /api/products 500","requestId":"c40c39b1-90c7-4d00-be27-24a106f19a2c","method":"GET","url":"/api/products","statusCode":500,"responseTime":681,"userId":"usr_a1b2c3","bytesWritten":34019}
{"level":40,"time":1710499049275,"pid":48291,"hostname":"prod-api-7b4d9f","msg":"Cache memory usage at 92%","module":"cache","memoryUsedMB":760,"memoryMaxMB":1024}
{"level":30,"time":1710499050492,"pid":48291,"hostname":"prod-api-7b4d9f","module":"http","msg":"POST /api/auth/register 409","requestId":"3681d805-aa90-486b-acfb-72692cb593eb","method":"POST","url":"/api/auth/register","statusCode":409,"responseTime":736,"userId":"usr_d4e5f6","bytesWritten":16261}
{"level":30,"time":1710499055141,"pid":48291,"hostname":"prod-api-7b4d9f","module":"email","msg":"Email sent: shipping_update","template":"welcome","recipient":"user627@example.com","deliveryTime":1783}
{"level":30,"time":1710499055829,"pid":48291,"hostname":"prod-api-7b4d9f","module":"http","msg":"GET /api/orders 200","requestId":"a711bc24-05fc-498e-a2ff-4dc0df6a5a50","method":"GET","url":"/api/orders","statusCode":200,"responseTime":54,"userId":"usr_a1b2c3","bytesWritten":2332}
{"level":40,"time":1710499056296,"pid":48291,"hostname":"prod-api-7b4d9f","msg":"Cache memory usage at 92%","module":"cache","memoryUsedMB":848,"memoryMaxMB":1024}
{"level":30,"time":1710499059919,"pid":48291,"hostname":"prod-api-7b4d9f","module":"payment","requestId":"f98409b6-63cf-4288-ac40-d639bec934d0","msg":"Refund initiated","userId":"usr_d4e5f6","amount":197.83,"currency":"USD","refundId":"ref_c44441ae"}
{"level":20,"time":1710499065611,"pid":48291,"hostname":"prod-api-7b4d9f","module":"queue","msg":"Worker polling: notification.push queue","pendingJobs":16,"activeWorkers":4}
{"level":60,"time":1710499068738,"pid":48291,"hostname":"prod-api-7b4d9f","module":"http","msg":"Unhandled exception in request handler","err":{"message":"Cannot read properties of undefined (reading 'id')","stack":"TypeError: Cannot read properties of undefined (reading 'id')\n    at OrderController.getOrder (src/controllers/order.js:47:28)\n    at Layer.handle (node_modules/express/lib/router/layer.js:95:5)"}}
{"level":30,"time":1710499070206,"pid":48291,"hostname":"prod-api-7b4d9f","module":"http","msg":"GET /api/inventory/:id 404","requestId":"4f3181fe-e16a-4a68-80f5-beff32277083","method":"GET","url":"/api/inventory/:id","statusCode":404,"responseTime":472,"userId":"usr_s9t0u1","bytesWritten":28567}
{"level":30,"time":1710499072545,"pid":48291,"hostname":"prod-api-7b4d9f","module":"http","msg":"POST /api/payments/charge 500","requestId":"fd2b3a42-a208-4f9c-a4e8-02953ceb38a0","method":"POST","url":"/api/payments/charge","statusCode":500,"responseTime":420,"userId":"usr_a1b2c3","bytesWritten":31395}
{"level":20,"time":1710499073235,"pid":48291,"hostname":"prod-api-7b4d9f","module":"database","msg":"Query plan: Seq Scan on cart_items","requestId":"b113501a-7126-4c1f-ac79-2d90177e5182","estimatedCost":1.92}
{"level":50,"time":1710499073356,"pid":48291,"hostname":"prod-api-7b4d9f","msg":"Authentication failed: invalid token signature","module":"auth","requestId":"b6bd92d6-5e3f-4cbe-8817-a79286f13f50","userId":"usr_v2w3x4","err":{"message":"JsonWebTokenError: invalid signature","stack":"JsonWebTokenError: invalid signature\n    at verify (node_modules/jsonwebtoken/verify.js:126:19)"}}
{"level":30,"time":1710499074121,"pid":48291,"hostname":"prod-api-7b4d9f","module":"http","msg":"POST /api/orders 400","requestId":"1f7675c5-6125-4960-aff3-fc1bc7e95487","method":"POST","url":"/api/orders","statusCode":400,"responseTime":123,"userId":"usr_v2w3x4","bytesWritten":17508}
{"level":50,"time":1710499077790,"pid":48291,"hostname":"prod-api-7b4d9f","msg":"Cron task failed: process_refunds","module":"scheduler","task":"sync_inventory","err":{"message":"Task execution error","stack":"Error: Task execution error\n    at CronRunner.execute (src/scheduler/runner.js:45:9)"}}
{"level":20,"time":1710499079813,"pid":48291,"hostname":"prod-api-7b4d9f","module":"cache","msg":"Cache operation: GET cart:","latency":2.18}
{"level":30,"time":1710499090763,"pid":48291,"hostname":"prod-api-7b4d9f","module":"http","msg":"PUT /api/users/me 200","requestId":"0798cc44-885f-415d-a24e-995f043b8b55","method":"PUT","url":"/api/users/me","statusCode":200,"responseTime":62,"bytesWritten":20053}
{"level":30,"time":1710499093431,"pid":48291,"hostname":"prod-api-7b4d9f","module":"http","msg":"GET /api/search 200","requestId":"4601de73-3c19-4db6-ab6e-bd3ae13eff2d","method":"GET","url":"/api/search","statusCode":200,"responseTime":252,"userId":"usr_v2w3x4","bytesWritten":30691}
{"level":30,"time":1710499095355,"pid":48291,"hostname":"prod-api-7b4d9f","module":"payment","requestId":"5ef22cf5-e9bc-408f-b599-f3bb20621afe","msg":"Payment processed successfully","userId":"usr_a1b2c3","amount":196.31,"currency":"USD","orderId":"ord_3e0ba868","provider":"stripe"}
{"level":30,"time":1710499097655,"pid":48291,"hostname":"prod-api-7b4d9f","module":"queue","msg":"Job completed: order.process","jobType":"order.process","jobId":"1393bcbe-8403-4ae2-aa3e-a9527f2db10e","duration":943}
{"level":30,"time":1710499098731,"pid":48291,"hostname":"prod-api-7b4d9f","module":"cache","msg":"Cache hit: products:list","key":"products:list","hit":true,"ttl":3034}
{"level":20,"time":1710499103926,"pid":48291,"hostname":"prod-api-7b4d9f","module":"queue","msg":"Worker polling: inventory.sync queue","pendingJobs":16,"activeWorkers":2}
{"level":40,"time":1710499128966,"pid":48291,"hostname":"prod-api-7b4d9f","msg":"Cache memory usage at 87%","module":"cache","memoryUsedMB":812,"memoryMaxMB":1024}
{"level":40,"time":1710499133274,"pid":48291,"hostname":"prod-api-7b4d9f","msg":"Email queue depth exceeding threshold: 313 pending","module":"email","queueDepth":363,"threshold":100}
{"level":20,"time":1710499149821,"pid":48291,"hostname":"prod-api-7b4d9f","module":"auth","msg":"Token payload decoded","requestId":"7400ddb5-d3e0-478e-a738-d6c044fe277f","userId":"usr_v2w3x4","exp":1710502749}
{"level":30,"time":1710499153382,"pid":48291,"hostname":"prod-api-7b4d9f","module":"cache","msg":"Cache hit: search:results:","key":"search:results:","hit":true,"ttl":461}
{"level":40,"time":1710499154225,"pid":48291,"hostname":"prod-api-7b4d9f","msg":"Slow response: /api/categories took 3762ms","module":"http","requestId":"14846662-b7aa-4383-8cec-a7ca9f4f3fcc","responseTime":1611}
{"level":20,"time":1710499157096,"pid":48291,"hostname":"prod-api-7b4d9f","module":"queue","msg":"Worker polling: notification.push queue","pendingJobs":15,"activeWorkers":2}
{"level":40,"time":1710499159367,"pid":48291,"hostname":"prod-api-7b4d9f","msg":"Payment retry attempt 1 for order ord_82cdd22b","module":"payment","requestId":"59b857fe-4c06-4f2d-a428-b34c476380af","attempt":1}
{"level":50,"time":1710499161214,"pid":48291,"hostname":"prod-api-7b4d9f","msg":"Authentication failed: invalid token signature","module":"auth","requestId":"1aaac98d-9a50-49c6-85fe-a13360463230","userId":"usr_d4e5f6","err":{"message":"JsonWebTokenError: invalid signature","stack":"JsonWebTokenError: invalid signature\n    at verify (node_modules/jsonwebtoken/verify.js:126:19)"}}
{"level":30,"time":1710499166160,"pid":48291,"hostname":"prod-api-7b4d9f","module":"cache","msg":"Cache hit: cart:","key":"cart:","hit":true,"ttl":3226}
{"level":30,"time":1710499170642,"pid":48291,"hostname":"prod-api-7b4d9f","module":"auth","requestId":"00f42c69-655c-4899-b0e4-b734c2182276","msg":"Token refreshed","userId":"usr_a1b2c3"}
{"level":30,"time":1710499172946,"pid":48291,"hostname":"prod-api-7b4d9f","module":"http","msg":"GET /api/search 200","requestId":"2cb18dcb-b79e-4d6b-832d-7999176b70d5","method":"GET","url":"/api/search","statusCode":200,"responseTime":61,"userId":"usr_g7h8i9","bytesWritten":28834}
{"level":30,"time":1710499178293,"pid":48291,"hostname":"prod-api-7b4d9f","module":"http","msg":"POST /api/auth/login 200","requestId":"68d413cf-08f9-40ce-9f94-e2bebda7961f","method":"POST","url":"/api/auth/login","statusCode":200,"responseTime":410,"userId":"usr_v2w3x4","bytesWritten":44442}
{"level":30,"time":1710499181680,"pid":48291,"hostname":"prod-api-7b4d9f","module":"http","msg":"POST /api/webhooks/stripe 200","requestId":"771e70b7-fc3d-44bf-a427-6a9e825294eb","method":"POST","url":"/api/webhooks/stripe","statusCode":200,"responseTime":38,"userId":"usr_v2w3x4","bytesWritten":42904}
{"level":20,"time":1710499184631,"pid":48291,"hostname":"prod-api-7b4d9f","module":"payment","msg":"Stripe API call: payment_intents.create","requestId":"3a0e4a4d-19a3-4c0b-869e-c5e6677b5142","duration":622}
{"level":30,"time":1710499184736,"pid":48291,"hostname":"prod-api-7b4d9f","module":"http","msg":"PUT /api/cart 400","requestId":"d3dcec43-b19f-473f-b460-255356825cce","method":"PUT","url":"/api/cart","statusCode":400,"responseTime":635,"userId":"usr_a1b2c3","bytesWritten":36363}
{"level":30,"time":1710499191069,"pid":48291,"hostname":"prod-api-7b4d9f","module":"auth","requestId":"287e6734-0f5c-4815-890a-8a4071d1b0e6","msg":"Password reset requested","email":"user207@example.com"}
{"level":40,"time":1710499191444,"pid":48291,"hostname":"prod-api-7b4d9f","msg":"Connection pool at 91% capacity (48/50)","module":"database","poolUsed":48,"poolMax":50}
{"level":20,"time":1710499198844,"pid":48291,"hostname":"prod-api-7b4d9f","module":"scheduler","msg":"Next run for send_digest_emails: 2024-03-15T11:34:01.131Z","task":"warm_cache"}
{"level":30,"time":1710499200727,"pid":48291,"hostname":"prod-api-7b4d9f","module":"email","msg":"Email sent: promotional","template":"welcome","recipient":"user5@example.com","deliveryTime":1868}
{"level":20,"time":1710499225528,"pid":48291,"hostname":"prod-api-7b4d9f","module":"scheduler","msg":"Next run for process_refunds: 2024-03-15T11:33:51.837Z","task":"send_digest_emails"}
{"level":20,"time":1710499245322,"pid":48291,"hostname":"prod-api-7b4d9f","module":"payment","msg":"Stripe API call: refunds.create","requestId":"fb417f32-50c1-471e-870f-adf3dce010c6","duration":708}
{"level":40,"time":1710499249870,"pid":48291,"hostname":"prod-api-7b4d9f","msg":"Rate limit approaching for IP 103.103.3.236","module":"auth","requestId":"82bc1fc1-6dc4-4d61-9aa7-370436f046f8","currentRate":84,"limit":100}
{"level":30,"time":1710499257091,"pid":48291,"hostname":"prod-api-7b4d9f","module":"queue","msg":"Job enqueued: order.process","jobType":"order.process","jobId":"0a27bdf8-fdf6-4f44-9cd4-808675cd018d","priority":"low"}
{"level":50,"time":1710499267994,"pid":48291,"hostname":"prod-api-7b4d9f","msg":"Query timeout after 7383ms","module":"database","requestId":"71e4bd02-3bab-4af2-94ce-82277e039825","query":"SELECT * FROM products WHERE category_id = $1","duration":9826,"err":{"message":"Query read timeout","stack":"Error: Query read timeout\n    at Connection.parseE (node_modules/pg/lib/connection.js:614:13)"}}
{"level":30,"time":1710499272591,"pid":48291,"hostname":"prod-api-7b4d9f","module":"database","msg":"Query executed","query":"SELECT * FROM products WHERE category_id = $1","duration":155,"rowCount":57,"requestId":"d8ce2085-ef9e-46ce-856b-c3c755d95254"}
{"level":30,"time":1710499282969,"pid":48291,"hostname":"prod-api-7b4d9f","module":"http","msg":"POST /api/auth/register 400","requestId":"e7ab1c23-9d06-4bef-bff4-7f58cd193d16","method":"POST","url":"/api/auth/register","statusCode":400,"responseTime":196,"userId":"usr_a1b2c3","bytesWritten":10808}
{"level":40,"time":1710499291593,"pid":48291,"hostname":"prod-api-7b4d9f","msg":"Connection pool at 87% capacity (44/50)","module":"database","poolUsed":43,"poolMax":50}
{"level":10,"time":1710499293718,"pid":48291,"hostname":"prod-api-7b4d9f","module":"email","msg":"Template rendering: shipping_update","renderTime":23.53}
{"level":30,"time":1710499297663,"pid":48291,"hostname":"prod-api-7b4d9f","module":"http","msg":"GET /api/orders/:id 404","requestId":"83acdea9-dc42-4e24-a999-95718059a4e7","method":"GET","url":"/api/orders/:id","statusCode":404,"responseTime":609,"bytesWritten":15002}
{"level":30,"time":1710499301903,"pid":48291,"hostname":"prod-api-7b4d9f","module":"auth","requestId":"a9045d10-1c5c-4652-a8e9-d8fb4a93723a","msg":"Token refreshed","userId":"usr_j0k1l2"}
{"level":30,"time":1710499302602,"pid":48291,"hostname":"prod-api-7b4d9f","module":"scheduler","msg":"Cron job completed: sync_inventory","task":"sync_inventory","duration":2768,"itemsProcessed":513}
{"level":10,"time":1710499312256,"pid":48291,"hostname":"prod-api-7b4d9f","module":"cache","msg":"Redis ping: 1.58ms","server":"10.0.2.15:6379"}
{"level":30,"time":1710499313782,"pid":48291,"hostname":"prod-api-7b4d9f","module":"http","msg":"PUT /api/users/me 400","requestId":"9f675585-f58e-49d9-97ec-2822535f4eca","method":"PUT","url":"/api/users/me","statusCode":400,"responseTime":28,"userId":"usr_d4e5f6","bytesWritten":46282}
{"level":30,"time":1710499320324,"pid":48291,"hostname":"prod-api-7b4d9f","module":"payment","requestId":"ae2f1a2e-40dd-4680-84e5-8b0e3ea77ce9","msg":"Payment processed successfully","userId":"usr_s9t0u1","amount":14.11,"currency":"USD","orderId":"ord_bf175151","provider":"stripe"}
{"level":20,"time":1710499327279,"pid":48291,"hostname":"prod-api-7b4d9f","module":"queue","msg":"Worker polling: order.process queue","pendingJobs":11,"activeWorkers":3}
{"level":30,"time":1710499330980,"pid":48291,"hostname":"prod-api-7b4d9f","module":"email","msg":"Email sent: password_reset","template":"promotional","recipient":"user708@example.com","deliveryTime":1807}
{"level":30,"time":1710499332023,"pid":48291,"hostname":"prod-api-7b4d9f","module":"auth","requestId":"37e152da-bd3a-43bd-9962-d72a0ca0a12c","msg":"Password reset requested","email":"user442@example.com"}
{"level":30,"time":1710499336482,"pid":48291,"hostname":"prod-api-7b4d9f","module":"email","msg":"Email sent: password_reset","template":"password_reset","recipient":"user195@example.com","deliveryTime":1383}
{"level":50,"time":1710499343832,"pid":48291,"hostname":"prod-api-7b4d9f","msg":"Query timeout after 25312ms","module":"database","requestId":"c44993b9-b5a9-45b3-8c79-056ea4eae081","query":"SELECT COUNT(*) FROM products WHERE stock > 0","duration":15321,"err":{"message":"Query read timeout","stack":"Error: Query read timeout\n    at Connection.parseE (node_modules/pg/lib/connection.js:614:13)"}}
{"level":30,"time":1710499353792,"pid":48291,"hostname":"prod-api-7b4d9f","module":"queue","msg":"Job enqueued: inventory.sync","jobType":"inventory.sync","jobId":"13a6466b-b67c-47fb-8d36-9f26d26ea572","priority":"high"}
{"level":40,"time":1710499357644,"pid":48291,"hostname":"prod-api-7b4d9f","msg":"Rate limit approaching for IP 82.162.242.31","module":"auth","requestId":"e71f6362-c3b1-496e-bccb-fd70971ea6a4","currentRate":86,"limit":100}
{"level":30,"time":1710499361187,"pid":48291,"hostname":"prod-api-7b4d9f","module":"http","msg":"GET /api/orders 200","requestId":"f107e7b2-b6ee-4c19-830b-21b8bc9b30a2","method":"GET","url":"/api/orders","statusCode":200,"responseTime":40,"userId":"usr_d4e5f6","bytesWritten":21466}
{"level":10,"time":1710499361806,"pid":48291,"hostname":"prod-api-7b4d9f","module":"cache","msg":"Redis ping: 1.72ms","server":"10.0.2.15:6379"}
{"level":10,"time":1710499363172,"pid":48291,"hostname":"prod-api-7b4d9f","module":"payment","msg":"Webhook signature verification","webhookId":"wh_f6e8f9a6"}
{"level":50,"time":1710499365104,"pid":48291,"hostname":"prod-api-7b4d9f","msg":"Redis connection error: ECONNRESET","module":"cache","err":{"message":"ECONNRESET","stack":"Error: read ECONNRESET\n    at TCP.onStreamRead (internal/stream_base_commons.js:209:20)"}}
{"level":20,"time":1710499366005,"pid":48291,"hostname":"prod-api-7b4d9f","module":"email","msg":"SMTP handshake completed","smtpServer":"smtp.sendgrid.net","tlsVersion":"TLSv1.3"}
{"level":20,"time":1710499367654,"pid":48291,"hostname":"prod-api-7b4d9f","module":"cache","msg":"Cache operation: GET inventory:","latency":2.22}
{"level":30,"time":1710499373312,"pid":48291,"hostname":"prod-api-7b4d9f","module":"payment","requestId":"8e0b49c2-a965-4cd2-8844-c917b44dc0c1","msg":"Payment processed successfully","userId":"usr_p6q7r8","amount":39.32,"currency":"USD","orderId":"ord_ccb04632","provider":"stripe"}
{"level":30,"time":1710499373938,"pid":48291,"hostname":"prod-api-7b4d9f","module":"http","msg":"GET /api/orders/:id 404","requestId":"49e6394b-6079-4420-b949-21d3fcec2782","method":"GET","url":"/api/orders/:id","statusCode":404,"responseTime":550,"bytesWritten":14964}
{"level":50,"time":1710499392526,"pid":48291,"hostname":"prod-api-7b4d9f","msg":"Cron task failed: generate_daily_report","module":"scheduler","task":"process_refunds","err":{"message":"Task execution error","stack":"Error: Task execution error\n    at CronRunner.execute (src/scheduler/runner.js:45:9)"}}
{"level":20,"time":1710499393100,"pid":48291,"hostname":"prod-api-7b4d9f","module":"queue","msg":"Worker polling: cache.warm queue","pendingJobs":6,"activeWorkers":5}
{"level":30,"time":1710499403468,"pid":48291,"hostname":"prod-api-7b4d9f","module":"http","msg":"POST /api/auth/refresh 200","requestId":"3e84a71d-ea1b-45ad-9bbf-afccd981ced7","method":"POST","url":"/api/auth/refresh","statusCode":200,"responseTime":774,"userId":"usr_s9t0u1","bytesWritten":25864}
{"level":30,"time":1710499407851,"pid":48291,"hostname":"prod-api-7b4d9f","module":"database","msg":"Query executed","query":"SELECT * FROM orders WHERE user_id = $1 ORDER BY created_at DESC","duration":165,"rowCount":60,"requestId":"5c1fca0f-c08b-4f20-8f94-91ddfc984ee0"}
{"level":30,"time":1710499410787,"pid":48291,"hostname":"prod-api-7b4d9f","module":"cache","msg":"Cache hit: config:site40a2fd02","key":"config:site40a2fd02","hit":true,"ttl":1716}
{"level":30,"time":1710499416943,"pid":48291,"hostname":"prod-api-7b4d9f","module":"http","msg":"POST /api/auth/refresh 200","requestId":"effd8e8b-4c0f-494b-a0fc-d6b8b9e31344","method":"POST","url":"/api/auth/refresh","statusCode":200,"responseTime":402,"userId":"usr_m3n4o5","bytesWritten":4149}
{"level":20,"time":1710499424645,"pid":48291,"hostname":"prod-api-7b4d9f","module":"cache","msg":"Cache operation: GET config:site","latency":3.2}
{"level":30,"time":1710499437271,"pid":48291,"hostname":"prod-api-7b4d9f","module":"http","msg":"POST /api/webhooks/stripe 200","requestId":"ba18d286-c249-41a7-9307-8a3c0cb30bec","method":"POST","url":"/api/webhooks/stripe","statusCode":200,"responseTime":636,"userId":"usr_d4e5f6","bytesWritten":19224}
{"level":20,"time":1710499443840,"pid":48291,"hostname":"prod-api-7b4d9f","module":"cache","msg":"Cache operation: DEL cart:","latency":0.18}
{"level":30,"time":1710499445852,"pid":48291,"hostname":"prod-api-7b4d9f","module":"http","msg":"GET /api/orders/:id 200","requestId":"bf4ce54c-b97a-49d5-97ba-d50bb2acf5bc","method":"GET","url":"/api/orders/:id","statusCode":200,"responseTime":352,"userId":"usr_p6q7r8","bytesWritten":11722}
{"level":30,"time":1710499447051,"pid":48291,"hostname":"prod-api-7b4d9f","module":"scheduler","msg":"Cron job started: sync_inventory","task":"sync_inventory"}
{"level":50,"time":1710499449724,"pid":48291,"hostname":"prod-api-7b4d9f","msg":"Authentication failed: invalid token signature","module":"auth","requestId":"801a3b9f-e683-40c2-82b5-dd46b5b0f6e1","userId":"usr_a1b2c3","err":{"message":"JsonWebTokenError: invalid signature","stack":"JsonWebTokenError: invalid signature\n    at verify (node_modules/jsonwebtoken/verify.js:126:19)"}}
{"level":30,"time":1710499475306,"pid":48291,"hostname":"prod-api-7b4d9f","module":"http","msg":"GET /api/users/me 200","requestId":"78a140c0-e5be-4259-9164-a80a8334f263","method":"GET","url":"/api/users/me","statusCode":200,"responseTime":373,"userId":"usr_p6q7r8","bytesWritten":45896}
{"level":30,"time":1710499480522,"pid":48291,"hostname":"prod-api-7b4d9f","module":"auth","requestId":"944d5e43-7589-4bbe-a657-f1829fdfa4c1","msg":"Session created","userId":"usr_m3n4o5","sessionId":"53d1f5f5-015d-45a4-82a3-3841f945b008"}
{"level":20,"time":1710499498864,"pid":48291,"hostname":"prod-api-7b4d9f","module":"payment","msg":"Stripe API call: payment_intents.create","requestId":"9fce2f3d-2f1b-4911-8178-551bc2c186be","duration":591}
{"level":40,"time":1710499499260,"pid":48291,"hostname":"prod-api-7b4d9f","msg":"Payment retry attempt 3 for order ord_6af3c8de","module":"payment","requestId":"d23bf021-db78-4921-aac0-67c742fd3edd","attempt":2}
{"level":30,"time":1710499532404,"pid":48291,"hostname":"prod-api-7b4d9f","module":"http","msg":"GET /api/users/me 401","requestId":"aa8cd2b5-f982-4fd4-ae8f-f836a4453d5d","method":"GET","url":"/api/users/me","statusCode":401,"responseTime":14,"bytesWritten":43593}
{"level":20,"time":1710499532421,"pid":48291,"hostname":"prod-api-7b4d9f","module":"payment","msg":"Stripe API call: refunds.create","requestId":"05250615-d0b6-4970-beba-90a1c63fa426","duration":127}
{"level":50,"time":1710499547093,"pid":48291,"hostname":"prod-api-7b4d9f","msg":"Job failed after 2 retries: cache.warm","module":"queue","jobType":"cleanup.sessions","jobId":"2765446e-05ec-40bd-925d-1905e5500145","retries":4,"err":{"message":"Max retries exceeded","stack":"Error: Max retries exceeded\n    at Worker.processJob (src/queue/worker.js:78:11)"}}
{"level":30,"time":1710499556900,"pid":48291,"hostname":"prod-api-7b4d9f","module":"auth","requestId":"f7b2d621-ffa5-49e4-bf56-6b30b7e9be2d","msg":"User login successful","userId":"usr_j0k1l2","ip":"66.62.149.125"}
{"level":30,"time":1710499572861,"pid":48291,"hostname":"prod-api-7b4d9f","module":"http","msg":"GET /api/health 200","requestId":"9353b1da-f2d7-4865-a52f-52eddd3a743c","method":"GET","url":"/api/health","statusCode":200,"responseTime":363,"bytesWritten":3213}
{"level":20,"time":1710499586177,"pid":48291,"hostname":"prod-api-7b4d9f","module":"auth","msg":"Token payload decoded","requestId":"c5e73979-4fcc-46a5-a66f-d841e44f097f","userId":"usr_d4e5f6","exp":1710503186}
{"level":20,"time":1710499590923,"pid":48291,"hostname":"prod-api-7b4d9f","module":"http","msg":"Request headers parsed","requestId":"236fe1ca-adb5-4df8-8f40-6e83b7679b64","headers":{"content-type":"application/json","user-agent":"Mozilla/5.0","accept-encoding":"gzip, deflate"}}
{"level":10,"time":1710499608985,"pid":48291,"hostname":"prod-api-7b4d9f","module":"payment","msg":"Webhook signature verification","webhookId":"wh_0d16a12b"}
{"level":20,"time":1710499612324,"pid":48291,"hostname":"prod-api-7b4d9f","module":"database","msg":"Query plan: Seq Scan on products","requestId":"84b971a2-d414-43ca-b6a5-173e6822b964","estimatedCost":87.5}
{"level":10,"time":1710499612702,"pid":48291,"hostname":"prod-api-7b4d9f","module":"cache","msg":"Redis ping: 0.45ms","server":"10.0.2.15:6379"}
{"level":30,"time":1710499639556,"pid":48291,"hostname":"prod-api-7b4d9f","module":"http","msg":"POST /api/auth/register 409","requestId":"7fee3b09-8c8a-47da-9fc1-f8a58a435ba1","method":"POST","url":"/api/auth/register","statusCode":409,"responseTime":320,"bytesWritten":13759}
{"level":10,"time":1710499647615,"pid":48291,"hostname":"prod-api-7b4d9f","module":"payment","msg":"Webhook signature verification","webhookId":"wh_7f9d2ab0"}
{"level":30,"time":1710499654761,"pid":48291,"hostname":"prod-api-7b4d9f","module":"http","msg":"POST /api/auth/refresh 401","requestId":"067bd7bc-1dad-462f-923b-87f6f5b4d915","method":"POST","url":"/api/auth/refresh","statusCode":401,"responseTime":161,"bytesWritten":27098}
{"level":50,"time":1710499669286,"pid":48291,"hostname":"prod-api-7b4d9f","msg":"Authentication failed: invalid token signature","module":"auth","requestId":"becacf16-8450-44b1-b5bd-ced2e3b7e40b","userId":"usr_a1b2c3","err":{"message":"JsonWebTokenError: invalid signature","stack":"JsonWebTokenError: invalid signature\n    at verify (node_modules/jsonwebtoken/verify.js:126:19)"}}
{"level":20,"time":1710499672396,"pid":48291,"hostname":"prod-api-7b4d9f","module":"payment","msg":"Stripe API call: customers.retrieve","requestId":"4d898046-272e-475c-b7e4-003637d4fb63","duration":130}
{"level":60,"time":1710499672766,"pid":48291,"hostname":"prod-api-7b4d9f","module":"database","msg":"Database connection pool exhausted - all connections busy","err":{"message":"Connection pool exhausted","stack":"Error: Connection pool exhausted\n    at Pool.acquire (node_modules/pg-pool/index.js:45:11)\n    at Client.connect (node_modules/pg/lib/client.js:82:19)\n    at processTicksAndRejections (internal/process/task_queues.js:95:5)"}}
{"level":50,"time":1710499679017,"pid":48291,"hostname":"prod-api-7b4d9f","msg":"Payment declined: insufficient funds","module":"payment","requestId":"811d019d-3733-4da7-859f-b55fb04db50c","userId":"usr_s9t0u1","amount":126.79,"currency":"USD"}
{"level":30,"time":1710499682206,"pid":48291,"hostname":"prod-api-7b4d9f","module":"http","msg":"GET /api/products/:id 200","requestId":"22603ad4-1e2b-4e2d-a556-f5bd91884768","method":"GET","url":"/api/products/:id","statusCode":200,"responseTime":590,"userId":"usr_g7h8i9","bytesWritten":20726}
{"level":30,"time":1710499684306,"pid":48291,"hostname":"prod-api-7b4d9f","module":"http","msg":"PUT /api/users/me 200","requestId":"579dc60e-dba1-4d6a-822a-6eecfcb350a2","method":"PUT","url":"/api/users/me","statusCode":200,"responseTime":493,"bytesWritten":536}
{"level":40,"time":1710499691265,"pid":48291,"hostname":"prod-api-7b4d9f","msg":"Cache memory usage at 86%","module":"cache","memoryUsedMB":912,"memoryMaxMB":1024}
{"level":40,"time":1710499692737,"pid":48291,"hostname":"prod-api-7b4d9f","msg":"Job queue backlog growing: 160 pending jobs","module":"queue","pendingJobs":77}
{"level":20,"time":1710499702309,"pid":48291,"hostname":"prod-api-7b4d9f","module":"cache","msg":"Cache operation: DEL inventory:","latency":1.91}
{"level":20,"time":1710499708969,"pid":48291,"hostname":"prod-api-7b4d9f","module":"database","msg":"Query plan: Seq Scan on inventory","requestId":"068e987f-9f18-4d55-a4aa-3bfe002453e4","estimatedCost":15.24}
{"level":30,"time":1710499713518,"pid":48291,"hostname":"prod-api-7b4d9f","module":"payment","requestId":"a3d8de63-03e1-4e27-83a1-eba91f7a0bff","msg":"Payment processed successfully","userId":"usr_j0k1l2","amount":88.5,"currency":"USD","orderId":"ord_66dc8408","provider":"stripe"}
{"level":30,"time":1710499718196,"pid":48291,"hostname":"prod-api-7b4d9f","module":"http","msg":"POST /api/webhooks/stripe 200","requestId":"6943b8c9-c6cc-4fcf-8081-945415eccfd0","method":"POST","url":"/api/webhooks/stripe","statusCode":200,"responseTime":655,"userId":"usr_a1b2c3","bytesWritten":22260}
{"level":30,"time":1710499737156,"pid":48291,"hostname":"prod-api-7b4d9f","module":"database","msg":"Query executed","query":"SELECT * FROM orders WHERE user_id = $1 ORDER BY created_at DESC","duration":45,"rowCount":0,"requestId":"b4912f6d-def3-487b-b02c-158d750bc789"}
{"level":40,"time":1710499747542,"pid":48291,"hostname":"prod-api-7b4d9f","msg":"Job queue backlog growing: 114 pending jobs","module":"queue","pendingJobs":171}
{"level":20,"time":1710499748787,"pid":48291,"hostname":"prod-api-7b4d9f","module":"queue","msg":"Worker polling: inventory.sync queue","pendingJobs":1,"activeWorkers":2}
{"level":20,"time":1710499763237,"pid":48291,"hostname":"prod-api-7b4d9f","module":"auth","msg":"Token payload decoded","requestId":"275feb5e-0be3-4cd3-a27d-6742f87ab747","userId":"usr_j0k1l2","exp":1710503363}
{"level":10,"time":1710499768060,"pid":48291,"hostname":"prod-api-7b4d9f","module":"scheduler","msg":"Lock acquired for task: send_digest_emails","lockTTL":30}
{"level":30,"time":1710499775335,"pid":48291,"hostname":"prod-api-7b4d9f","module":"queue","msg":"Job enqueued: analytics.aggregate","jobType":"analytics.aggregate","jobId":"79a8174e-cbce-4b40-bc07-8711a0126b7e","priority":"high"}
{"level":20,"time":1710499801986,"pid":48291,"hostname":"prod-api-7b4d9f","module":"scheduler","msg":"Next run for sync_inventory: 2024-03-15T11:13:00.563Z","task":"cleanup_expired_sessions"}
{"level":30,"time":1710499807343,"pid":48291,"hostname":"prod-api-7b4d9f","module":"payment","requestId":"8609a5ce-0142-4eef-8f3e-9598e5f1e9fd","msg":"Payment processed successfully","userId":"usr_m3n4o5","amount":127.21,"currency":"USD","orderId":"ord_991e76f8","provider":"stripe"}
{"level":30,"time":1710499827997,"pid":48291,"hostname":"prod-api-7b4d9f","module":"http","msg":"GET /api/orders/:id 200","requestId":"cf8259d6-5916-492f-8e34-5e36ee840496","method":"GET","url":"/api/orders/:id","statusCode":200,"responseTime":49,"userId":"usr_s9t0u1","bytesWritten":30505}
{"level":30,"time":1710499846095,"pid":48291,"hostname":"prod-api-7b4d9f","module":"http","msg":"PUT /api/users/me 200","requestId":"0b4e793a-8579-44a9-89a1-b5cbf767a88a","method":"PUT","url":"/api/users/me","statusCode":200,"responseTime":224,"userId":"usr_j0k1l2","bytesWritten":14846}
{"level":30,"time":1710499848738,"pid":48291,"hostname":"prod-api-7b4d9f","module":"http","msg":"POST /api/payments/charge 200","requestId":"90c1af03-702e-4f9f-b3c2-c3b42b52b04d","method":"POST","url":"/api/payments/charge","statusCode":200,"responseTime":339,"userId":"usr_d4e5f6","bytesWritten":40385}
{"level":30,"time":1710499848813,"pid":48291,"hostname":"prod-api-7b4d9f","module":"auth","requestId":"c6946f38-ee99-4106-a77b-f05b7874ce7b","msg":"User login successful","userId":"usr_j0k1l2","ip":"92.170.244.174"}
{"level":20,"time":1710499858025,"pid":48291,"hostname":"prod-api-7b4d9f","module":"cache","msg":"Cache operation: GET search:results:","latency":1.08}
{"level":30,"time":1710499871070,"pid":48291,"hostname":"prod-api-7b4d9f","module":"cache","msg":"Cache hit: products:featured","key":"products:featured","hit":true,"ttl":961}
{"level":30,"time":1710499875909,"pid":48291,"hostname":"prod-api-7b4d9f","module":"database","msg":"Query executed","query":"INSERT INTO orders (user_id, total, status) VALUES ($1, $2, $3)","duration":84,"rowCount":91,"requestId":"a0841456-a618-4fd8-ab5b-35feb068356d"}
{"level":60,"time":1710499878272,"pid":48291,"hostname":"prod-api-7b4d9f","module":"http","msg":"Unhandled exception in request handler","err":{"message":"Cannot read properties of undefined (reading 'id')","stack":"TypeError: Cannot read properties of undefined (reading 'id')\n    at OrderController.getOrder (src/controllers/order.js:47:28)\n    at Layer.handle (node_modules/express/lib/router/layer.js:95:5)"}}
{"level":40,"time":1710499888445,"pid":48291,"hostname":"prod-api-7b4d9f","msg":"Rate limit approaching for IP 190.144.100.244","module":"auth","requestId":"84dcb9e9-8a1e-41bf-b3f8-ca6aab1b7728","currentRate":84,"limit":100}
{"level":30,"time":1710499890203,"pid":48291,"hostname":"prod-api-7b4d9f","module":"http","msg":"POST /api/payments/charge 200","requestId":"f558a253-6f24-4f91-a034-af217654211d","method":"POST","url":"/api/payments/charge","statusCode":200,"responseTime":358,"userId":"usr_d4e5f6","bytesWritten":40293}
{"level":30,"time":1710499906316,"pid":48291,"hostname":"prod-api-7b4d9f","module":"database","msg":"Query executed","query":"UPDATE cart SET quantity = $1 WHERE id = $2","duration":108,"rowCount":48,"requestId":"7454f4d1-bb80-4678-829d-1a7a6373a83e"}
{"level":30,"time":1710499913123,"pid":48291,"hostname":"prod-api-7b4d9f","module":"email","msg":"Email sent: welcome","template":"promotional","recipient":"user938@example.com","deliveryTime":1306}
{"level":10,"time":1710499920525,"pid":48291,"hostname":"prod-api-7b4d9f","module":"queue","msg":"Message acknowledgment sent","jobId":"7ecac897-1a29-4755-8964-ba25aaa9b397","queue":"report.generate"}
{"level":30,"time":1710499932523,"pid":48291,"hostname":"prod-api-7b4d9f","module":"auth","requestId":"8b66132c-8e3c-43e2-80ee-93935267a9aa","msg":"User registered","userId":"usr_4f2bfb","email":"newuser221@example.com"}
{"level":30,"time":1710499932792,"pid":48291,"hostname":"prod-api-7b4d9f","module":"database","msg":"Query executed","query":"DELETE FROM sessions WHERE expired_at < NOW()","duration":168,"rowCount":92,"requestId":"5b79b5e9-0d04-4854-a0ac-a3bfd52f7c23"}
{"level":20,"time":1710499943815,"pid":48291,"hostname":"prod-api-7b4d9f","module":"cache","msg":"Cache operation: SET search:results:","latency":1.37}
{"level":30,"time":1710499946310,"pid":48291,"hostname":"prod-api-7b4d9f","module":"http","msg":"POST /api/auth/refresh 200","requestId":"f32ea40e-cecd-45cf-b126-3c3ba8db0863","method":"POST","url":"/api/auth/refresh","statusCode":200,"responseTime":112,"bytesWritten":10310}
{"level":30,"time":1710499951055,"pid":48291,"hostname":"prod-api-7b4d9f","module":"auth","requestId":"ba3bb60a-2807-4559-8790-4f79926ce0d5","msg":"User login successful","userId":"usr_v2w3x4","ip":"68.16.217.148"}
{"level":10,"time":1710499958158,"pid":48291,"hostname":"prod-api-7b4d9f","module":"payment","msg":"Webhook signature verification","webhookId":"wh_b37bbc0d"}
{"level":20,"time":1710499966490,"pid":48291,"hostname":"prod-api-7b4d9f","module":"cache","msg":"Cache operation: SET config:site","latency":2.69}
{"level":40,"time":1710499982035,"pid":48291,"hostname":"prod-api-7b4d9f","msg":"Slow response: /api/orders/:id took 2393ms","module":"http","requestId":"64ac3327-07c5-43f0-88ad-5c58693e0e4f","responseTime":2153}
{"level":30,"time":1710499989162,"pid":48291,"hostname":"prod-api-7b4d9f","module":"http","msg":"POST /api/orders 400","requestId":"86133597-df81-410d-9c25-54beec846d14","method":"POST","url":"/api/orders","statusCode":400,"responseTime":197,"bytesWritten":42519}
{"level":30,"time":1710499996796,"pid":48291,"hostname":"prod-api-7b4d9f","module":"cache","msg":"Cache hit: inventory:","key":"inventory:","hit":true,"ttl":107}
{"level":50,"time":1710499996855,"pid":48291,"hostname":"prod-api-7b4d9f","msg":"Cron task failed: generate_daily_report","module":"scheduler","task":"process_refunds","err":{"message":"Task execution error","stack":"Error: Task execution error\n    at CronRunner.execute (src/scheduler/runner.js:45:9)"}}
{"level":10,"time":1710500002979,"pid":48291,"hostname":"prod-api-7b4d9f","module":"email","msg":"Template rendering: welcome","renderTime":26.83}
{"level":30,"time":1710500018920,"pid":48291,"hostname":"prod-api-7b4d9f","module":"http","msg":"GET /api/orders/:id 200","requestId":"fb439a70-c11c-4d6b-8cac-29d51e52a35e","method":"GET","url":"/api/orders/:id","statusCode":200,"responseTime":350,"bytesWritten":33772}
{"level":60,"time":1710500023928,"pid":48291,"hostname":"prod-api-7b4d9f","module":"database","msg":"Database connection pool exhausted - all connections busy","err":{"message":"Connection pool exhausted","stack":"Error: Connection pool exhausted\n    at Pool.acquire (node_modules/pg-pool/index.js:45:11)\n    at Client.connect (node_modules/pg/lib/client.js:82:19)\n    at processTicksAndRejections (internal/process/task_queues.js:95:5)"}}
{"level":30,"time":1710500038989,"pid":48291,"hostname":"prod-api-7b4d9f","module":"cache","msg":"Cache miss: config:site","key":"config:site","hit":false}
{"level":50,"time":1710500041009,"pid":48291,"hostname":"prod-api-7b4d9f","msg":"Job failed after 2 retries: email.send","module":"queue","jobType":"email.send","jobId":"275537b0-0631-4eea-bd29-59b9b9626e99","retries":2,"err":{"message":"Max retries exceeded","stack":"Error: Max retries exceeded\n    at Worker.processJob (src/queue/worker.js:78:11)"}}
{"level":20,"time":1710500084476,"pid":48291,"hostname":"prod-api-7b4d9f","module":"queue","msg":"Worker polling: inventory.sync queue","pendingJobs":6,"activeWorkers":2}
{"level":30,"time":1710500087471,"pid":48291,"hostname":"prod-api-7b4d9f","module":"http","msg":"GET /api/orders/:id 200","requestId":"0151901d-c95d-48bb-a6cd-61c8d5afaf36","method":"GET","url":"/api/orders/:id","statusCode":200,"responseTime":184,"bytesWritten":1056}
{"level":30,"time":1710500088731,"pid":48291,"hostname":"prod-api-7b4d9f","module":"cache","msg":"Cache hit: user:profile:861dd543","key":"user:profile:861dd543","hit":true,"ttl":3378}
{"level":30,"time":1710500089169,"pid":48291,"hostname":"prod-api-7b4d9f","module":"http","msg":"GET /api/products 200","requestId":"679d2d66-eeb5-41a6-90b6-b5e44c5f7588","method":"GET","url":"/api/products","statusCode":200,"responseTime":300,"userId":"usr_j0k1l2","bytesWritten":35001}
{"level":30,"time":1710500091479,"pid":48291,"hostname":"prod-api-7b4d9f","module":"auth","requestId":"9c6344fc-94c3-44d0-8398-d32fd2f26205","msg":"Password reset requested","email":"user81@example.com"}
{"level":40,"time":1710500097516,"pid":48291,"hostname":"prod-api-7b4d9f","msg":"Payment retry attempt 2 for order ord_a7ba18b5","module":"payment","requestId":"ac979b23-0259-41a0-ae26-7eabf57b84e6","attempt":3}
{"level":30,"time":1710500099062,"pid":48291,"hostname":"prod-api-7b4d9f","module":"http","msg":"POST /api/auth/refresh 200","requestId":"defa024c-82b7-4131-82cf-3c87e5c72f09","method":"POST","url":"/api/auth/refresh","statusCode":200,"responseTime":114,"userId":"usr_v2w3x4","bytesWritten":48266}
{"level":30,"time":1710500102566,"pid":48291,"hostname":"prod-api-7b4d9f","module":"database","msg":"Query executed","query":"UPDATE inventory SET stock = stock - $1 WHERE product_id = $2","duration":129,"rowCount":87,"requestId":"51b14c96-9771-4b0f-b7bc-51e0cc908809"}
{"level":20,"time":1710500129907,"pid":48291,"hostname":"prod-api-7b4d9f","module":"cache","msg":"Cache operation: EXPIRE products:featured","latency":0.87}
{"level":40,"time":1710500133410,"pid":48291,"hostname":"prod-api-7b4d9f","msg":"Connection pool at 83% capacity (47/50)","module":"database","poolUsed":44,"poolMax":50}
{"level":40,"time":1710500133884,"pid":48291,"hostname":"prod-api-7b4d9f","msg":"Cache memory usage at 75%","module":"cache","memoryUsedMB":842,"memoryMaxMB":1024}
{"level":20,"time":1710500193272,"pid":48291,"hostname":"prod-api-7b4d9f","module":"http","msg":"Request headers parsed","requestId":"6eabc6a2-1aab-44bc-b797-2986c5a27d45","headers":{"content-type":"application/json","user-agent":"Mozilla/5.0","accept-encoding":"gzip, deflate"}}
{"level":50,"time":1710500197400,"pid":48291,"hostname":"prod-api-7b4d9f","msg":"POST /api/auth/login 500 - Internal Server Error","module":"http","requestId":"93495906-38e9-4a93-a386-4c079bf0afc0","method":"POST","url":"/api/auth/login","statusCode":500,"responseTime":4224,"err":{"message":"Unexpected error processing request","stack":"Error: Unexpected error processing request\n    at RequestHandler.process (src/middleware/handler.js:112:15)"}}
{"level":10,"time":1710500208001,"pid":48291,"hostname":"prod-api-7b4d9f","module":"auth","msg":"JWKS cache check: refreshing","kid":"f3824586"}
{"level":30,"time":1710500233775,"pid":48291,"hostname":"prod-api-7b4d9f","module":"cache","msg":"Cache miss: user:profile:09da96f2","key":"user:profile:09da96f2","hit":false}
{"level":10,"time":1710500236945,"pid":48291,"hostname":"prod-api-7b4d9f","module":"cache","msg":"Redis ping: 1.25ms","server":"10.0.2.15:6379"}
{"level":30,"time":1710500239437,"pid":48291,"hostname":"prod-api-7b4d9f","module":"database","msg":"Query executed","query":"SELECT * FROM products WHERE category_id = $1","duration":17,"rowCount":90,"requestId":"c5d8622a-3466-49e8-a6ea-a8b3bc475c9f"}
{"level":40,"time":1710500258963,"pid":48291,"hostname":"prod-api-7b4d9f","msg":"Job queue backlog growing: 158 pending jobs","module":"queue","pendingJobs":179}
{"level":30,"time":1710500274128,"pid":48291,"hostname":"prod-api-7b4d9f","module":"http","msg":"POST /api/auth/refresh 401","requestId":"4ba0361a-5c88-402b-b8a2-2372cd307b4e","method":"POST","url":"/api/auth/refresh","statusCode":401,"responseTime":145,"bytesWritten":27631}
{"level":30,"time":1710500278376,"pid":48291,"hostname":"prod-api-7b4d9f","module":"http","msg":"GET /api/users/me 200","requestId":"02843037-3ba4-4161-9569-79d53ee694d3","method":"GET","url":"/api/users/me","statusCode":200,"responseTime":475,"bytesWritten":16404}
{"level":50,"time":1710500281146,"pid":48291,"hostname":"prod-api-7b4d9f","msg":"Redis connection error: ECONNRESET","module":"cache","err":{"message":"ECONNRESET","stack":"Error: read ECONNRESET\n    at TCP.onStreamRead (internal/stream_base_commons.js:209:20)"}}
{"level":10,"time":1710500286959,"pid":48291,"hostname":"prod-api-7b4d9f","module":"queue","msg":"Message acknowledgment sent","jobId":"ce4c7df7-6450-4df8-8a9f-79113f19615a","queue":"cleanup.sessions"}
{"level":30,"time":1710500297949,"pid":48291,"hostname":"prod-api-7b4d9f","module":"database","msg":"Query executed","query":"INSERT INTO orders (user_id, total, status) VALUES ($1, $2, $3)","duration":160,"rowCount":61,"requestId":"e0d28280-5233-4979-859d-ad7aedf38ee7"}
{"level":30,"time":1710500300581,"pid":48291,"hostname":"prod-api-7b4d9f","module":"queue","msg":"Job enqueued: inventory.sync","jobType":"inventory.sync","jobId":"639686ed-6c3c-4e57-8549-66a18ca0534f","priority":"normal"}
{"level":40,"time":1710500312445,"pid":48291,"hostname":"prod-api-7b4d9f","msg":"Email queue depth exceeding threshold: 122 pending","module":"email","queueDepth":137,"threshold":100}
{"level":40,"time":1710500313740,"pid":48291,"hostname":"prod-api-7b4d9f","msg":"Slow response: /api/auth/login took 1119ms","module":"http","requestId":"789fc4fd-9c8b-420f-b4b6-ea98cdf7901b","responseTime":2140}
{"level":30,"time":1710500334130,"pid":48291,"hostname":"prod-api-7b4d9f","module":"http","msg":"GET /api/orders 200","requestId":"59d939b8-864a-4b6b-b799-d0be6b81c8a5","method":"GET","url":"/api/orders","statusCode":200,"responseTime":192,"bytesWritten":3235}
{"level":20,"time":1710500343430,"pid":48291,"hostname":"prod-api-7b4d9f","module":"email","msg":"SMTP handshake completed","smtpServer":"smtp.sendgrid.net","tlsVersion":"TLSv1.3"}
{"level":40,"time":1710500346679,"pid":48291,"hostname":"prod-api-7b4d9f","msg":"Cache memory usage at 76%","module":"cache","memoryUsedMB":774,"memoryMaxMB":1024}
{"level":30,"time":1710500370349,"pid":48291,"hostname":"prod-api-7b4d9f","module":"auth","requestId":"48c03286-fabf-453a-bb21-d32e9a453572","msg":"User registered","userId":"usr_4a1c78","email":"newuser212@example.com"}
{"level":30,"time":1710500377523,"pid":48291,"hostname":"prod-api-7b4d9f","module":"email","msg":"Email sent: order_confirmation","template":"order_confirmation","recipient":"user22@example.com","deliveryTime":1493}
{"level":30,"time":1710500381824,"pid":48291,"hostname":"prod-api-7b4d9f","module":"http","msg":"GET /api/orders/:id 200","requestId":"31f456d8-9830-4833-b952-ba8e61d6bfb6","method":"GET","url":"/api/orders/:id","statusCode":200,"responseTime":718,"userId":"usr_p6q7r8","bytesWritten":44652}
{"level":20,"time":1710500383538,"pid":48291,"hostname":"prod-api-7b4d9f","module":"http","msg":"Request headers parsed","requestId":"3b742b5d-602c-4614-aeb5-97d8f737ea84","headers":{"content-type":"application/json","user-agent":"Mozilla/5.0","accept-encoding":"gzip, deflate"}}
{"level":10,"time":1710500399533,"pid":48291,"hostname":"prod-api-7b4d9f","module":"queue","msg":"Message acknowledgment sent","jobId":"31686fff-699a-4450-bdd2-27dae5b14fb8","queue":"notification.push"}
{"level":40,"time":1710500400006,"pid":48291,"hostname":"prod-api-7b4d9f","msg":"Rate limit approaching for IP 55.244.98.130","module":"auth","requestId":"43bf3727-407b-41be-bf67-765225784656","currentRate":81,"limit":100}
{"level":20,"time":1710500415141,"pid":48291,"hostname":"prod-api-7b4d9f","module":"scheduler","msg":"Next run for cleanup_expired_sessions: 2024-03-15T11:28:37.510Z","task":"warm_cache"}
{"level":10,"time":1710500421588,"pid":48291,"hostname":"prod-api-7b4d9f","module":"auth","msg":"JWKS cache check: valid","kid":"2756bf43"}
{"level":30,"time":1710500422611,"pid":48291,"hostname":"prod-api-7b4d9f","module":"http","msg":"GET /api/orders/:id 200","requestId":"5e94a073-2f0a-44b2-adda-527f10790af3","method":"GET","url":"/api/orders/:id","statusCode":200,"responseTime":89,"userId":"usr_a1b2c3","bytesWritten":17517}
{"level":20,"time":1710500424784,"pid":48291,"hostname":"prod-api-7b4d9f","module":"payment","msg":"Stripe API call: payment_intents.create","requestId":"e2f4be7f-00e9-4d11-80f1-3dbfcf488e79","duration":311}
{"level":20,"time":1710500435480,"pid":48291,"hostname":"prod-api-7b4d9f","module":"queue","msg":"Worker polling: notification.push queue","pendingJobs":10,"activeWorkers":2}
{"level":40,"time":1710500436708,"pid":48291,"hostname":"prod-api-7b4d9f","msg":"Email queue depth exceeding threshold: 151 pending","module":"email","queueDepth":167,"threshold":100}
{"level":30,"time":1710500443425,"pid":48291,"hostname":"prod-api-7b4d9f","module":"http","msg":"PUT /api/users/me 200","requestId":"531c6217-f56f-4c2d-bcae-e7acb9607e6a","method":"PUT","url":"/api/users/me","statusCode":200,"responseTime":635,"bytesWritten":46957}
{"level":10,"time":1710500459049,"pid":48291,"hostname":"prod-api-7b4d9f","module":"payment","msg":"Webhook signature verification","webhookId":"wh_30a80495"}
{"level":30,"time":1710500467926,"pid":48291,"hostname":"prod-api-7b4d9f","module":"email","msg":"Email sent: shipping_update","template":"shipping_update","recipient":"user491@example.com","deliveryTime":1033}
{"level":30,"time":1710500469352,"pid":48291,"hostname":"prod-api-7b4d9f","module":"auth","requestId":"8c35eb1b-9dbc-4efb-a934-bc67a05e5e49","msg":"Token refreshed","userId":"usr_s9t0u1"}
{"level":30,"time":1710500484434,"pid":48291,"hostname":"prod-api-7b4d9f","module":"http","msg":"GET /api/categories 200","requestId":"ac3259e1-ca50-4b12-848a-6b98ad849ab7","method":"GET","url":"/api/categories","statusCode":200,"responseTime":527,"bytesWritten":24369}
{"level":40,"time":1710500504351,"pid":48291,"hostname":"prod-api-7b4d9f","msg":"Job queue backlog growing: 133 pending jobs","module":"queue","pendingJobs":88}
{"level":30,"time":1710500505256,"pid":48291,"hostname":"prod-api-7b4d9f","module":"queue","msg":"Job completed: email.send","jobType":"email.send","jobId":"3a105d41-83a3-4b6f-9c20-4a0c2de485f9","duration":1410}
{"level":40,"time":1710500508692,"pid":48291,"hostname":"prod-api-7b4d9f","msg":"Connection pool at 93% capacity (42/50)","module":"database","poolUsed":47,"poolMax":50}
{"level":30,"time":1710500509139,"pid":48291,"hostname":"prod-api-7b4d9f","module":"auth","requestId":"578d77f8-df5b-4826-b3ae-5dd45ed44da0","msg":"Session created","userId":"usr_m3n4o5","sessionId":"ff2b96e9-38f2-4837-bf04-0f42d0c49c16"}
{"level":30,"time":1710500509576,"pid":48291,"hostname":"prod-api-7b4d9f","module":"http","msg":"GET /api/health 200","requestId":"1356b433-7b00-48c5-994f-e8f3b6a8e439","method":"GET","url":"/api/health","statusCode":200,"responseTime":348,"userId":"usr_p6q7r8","bytesWritten":26919}
{"level":20,"time":1710500525727,"pid":48291,"hostname":"prod-api-7b4d9f","module":"auth","msg":"Token payload decoded","requestId":"c573f4dc-124d-4634-bdcb-bedce51b6257","userId":"usr_s9t0u1","exp":1710504125}
{"level":30,"time":1710500527901,"pid":48291,"hostname":"prod-api-7b4d9f","module":"auth","requestId":"4ba29f75-75e4-4a29-9833-ddb4b326de31","msg":"Token refreshed","userId":"usr_g7h8i9"}
{"level":30,"time":1710500543727,"pid":48291,"hostname":"prod-api-7b4d9f","module":"database","msg":"Query executed","query":"SELECT * FROM orders WHERE user_id = $1 ORDER BY created_at DESC","duration":7,"rowCount":48,"requestId":"f89a13a6-c6d4-447b-905f-570f3164d582"}
{"level":30,"time":1710500553898,"pid":48291,"hostname":"prod-api-7b4d9f","module":"auth","requestId":"b9d18c98-af88-4b4f-94e9-debcbee7dbf0","msg":"Session created","userId":"usr_v2w3x4","sessionId":"bf0d16c1-25a5-4799-884f-a49d45d1649f"}
{"level":10,"time":1710500568211,"pid":48291,"hostname":"prod-api-7b4d9f","module":"queue","msg":"Message acknowledgment sent","jobId":"078942e8-74de-432a-a9a7-cba797c0fa4c","queue":"order.process"}
{"level":30,"time":1710500581189,"pid":48291,"hostname":"prod-api-7b4d9f","module":"http","msg":"DELETE /api/cart/:id 204","requestId":"c809632e-1023-432b-b4c9-a823f4440ad4","method":"DELETE","url":"/api/cart/:id","statusCode":204,"responseTime":302,"bytesWritten":48242}
{"level":30,"time":1710500582162,"pid":48291,"hostname":"prod-api-7b4d9f","module":"database","msg":"Query executed","query":"INSERT INTO orders (user_id, total, status) VALUES ($1, $2, $3)","duration":139,"rowCount":81,"requestId":"b2ed9cb5-b495-462d-82db-4c50cb586d95"}
{"level":40,"time":1710500583706,"pid":48291,"hostname":"prod-api-7b4d9f","msg":"Connection pool at 84% capacity (40/50)","module":"database","poolUsed":41,"poolMax":50}
{"level":40,"time":1710500589257,"pid":48291,"hostname":"prod-api-7b4d9f","msg":"Rate limit approaching for IP 146.222.14.213","module":"auth","requestId":"c427aa15-2a4c-4d5b-8362-839097c3b8a1","currentRate":87,"limit":100}
{"level":30,"time":1710500592773,"pid":48291,"hostname":"prod-api-7b4d9f","module":"payment","requestId":"e73b2f29-043a-41f7-bd74-1250db27f1be","msg":"Refund initiated","userId":"usr_m3n4o5","amount":7.63,"currency":"USD","refundId":"ref_ae8ea403"}
{"level":20,"time":1710500600244,"pid":48291,"hostname":"prod-api-7b4d9f","module":"auth","msg":"Token payload decoded","requestId":"5fa581fb-c1ff-42d2-877c-0f2a35a8e0c5","userId":"usr_a1b2c3","exp":1710504200}
{"level":40,"time":1710500612749,"pid":48291,"hostname":"prod-api-7b4d9f","msg":"Task generate_daily_report running longer than expected: 54s","module":"scheduler","task":"warm_cache","durationSec":96}
{"level":30,"time":1710500616573,"pid":48291,"hostname":"prod-api-7b4d9f","module":"cache","msg":"Cache miss: products:featured","key":"products:featured","hit":false}
{"level":30,"time":1710500623351,"pid":48291,"hostname":"prod-api-7b4d9f","module":"payment","requestId":"2f83f4da-603d-4a11-81ff-5d4c7bd4f781","msg":"Refund initiated","userId":"usr_p6q7r8","amount":86.14,"currency":"USD","refundId":"ref_b0a2e0e3"}
{"level":30,"time":1710500646218,"pid":48291,"hostname":"prod-api-7b4d9f","module":"auth","requestId":"7b016495-e093-49ca-9d79-225011c564ba","msg":"Password reset requested","email":"user491@example.com"}
{"level":40,"time":1710500651303,"pid":48291,"hostname":"prod-api-7b4d9f","msg":"Cache memory usage at 79%","module":"cache","memoryUsedMB":889,"memoryMaxMB":1024}
{"level":20,"time":1710500657012,"pid":48291,"hostname":"prod-api-7b4d9f","module":"queue","msg":"Worker polling: email.send queue","pendingJobs":2,"activeWorkers":2}
{"level":40,"time":1710500670503,"pid":48291,"hostname":"prod-api-7b4d9f","msg":"Rate limit approaching for IP 52.207.93.140","module":"auth","requestId":"1f1493a7-e704-41fb-afe6-10bd4879468c","currentRate":87,"limit":100}
{"level":40,"time":1710500674604,"pid":48291,"hostname":"prod-api-7b4d9f","msg":"Payment retry attempt 2 for order ord_cc4b54e1","module":"payment","requestId":"419abc1a-aa42-44ca-a2c6-4764d5bc3d4b","attempt":2}
{"level":40,"time":1710500692258,"pid":48291,"hostname":"prod-api-7b4d9f","msg":"Cache memory usage at 87%","module":"cache","memoryUsedMB":826,"memoryMaxMB":1024}
{"level":40,"time":1710500694399,"pid":48291,"hostname":"prod-api-7b4d9f","msg":"Cache memory usage at 77%","module":"cache","memoryUsedMB":794,"memoryMaxMB":1024}
{"level":20,"time":1710500696532,"pid":48291,"hostname":"prod-api-7b4d9f","module":"database","msg":"Query plan: Seq Scan on cart_items","requestId":"6cfcc22f-1a77-43da-b35b-6c2142ee25a3","estimatedCost":73.31}
{"level":20,"time":1710500696599,"pid":48291,"hostname":"prod-api-7b4d9f","module":"payment","msg":"Stripe API call: payment_intents.create","requestId":"667670f9-ccc1-4c25-9604-c3b5bcc1078c","duration":123}
{"level":10,"time":1710500696713,"pid":48291,"hostname":"prod-api-7b4d9f","module":"queue","msg":"Message acknowledgment sent","jobId":"5392cdf6-4a46-408c-a3b9-b86e984ba6e9","queue":"cleanup.sessions"}
{"level":10,"time":1710500727607,"pid":48291,"hostname":"prod-api-7b4d9f","module":"database","msg":"Pool stats: idle=11 active=7 waiting=3"}
{"level":20,"time":1710500736644,"pid":48291,"hostname":"prod-api-7b4d9f","module":"scheduler","msg":"Next run for warm_cache: 2024-03-15T11:40:04.082Z","task":"warm_cache"}
{"level":30,"time":1710500752152,"pid":48291,"hostname":"prod-api-7b4d9f","module":"cache","msg":"Cache miss: cart:96c6be00","key":"cart:96c6be00","hit":false}
{"level":60,"time":1710500768558,"pid":48291,"hostname":"prod-api-7b4d9f","module":"http","msg":"Unhandled exception in request handler","err":{"message":"Cannot read properties of undefined (reading 'id')","stack":"TypeError: Cannot read properties of undefined (reading 'id')\n    at OrderController.getOrder (src/controllers/order.js:47:28)\n    at Layer.handle (node_modules/express/lib/router/layer.js:95:5)"}}
{"level":50,"time":1710500790747,"pid":48291,"hostname":"prod-api-7b4d9f","msg":"Authentication failed: invalid token signature","module":"auth","requestId":"8f586f0f-c32b-45ce-9bbb-cc852d74eb20","userId":"usr_m3n4o5","err":{"message":"JsonWebTokenError: invalid signature","stack":"JsonWebTokenError: invalid signature\n    at verify (node_modules/jsonwebtoken/verify.js:126:19)"}}
{"level":30,"time":1710500791534,"pid":48291,"hostname":"prod-api-7b4d9f","module":"http","msg":"GET /api/orders/:id 200","requestId":"0a285ecd-32a1-424f-954a-52e04e1fbff0","method":"GET","url":"/api/orders/:id","statusCode":200,"responseTime":761,"userId":"usr_m3n4o5","bytesWritten":3519}
{"level":30,"time":1710500813138,"pid":48291,"hostname":"prod-api-7b4d9f","module":"database","msg":"Query executed","query":"SELECT * FROM orders WHERE user_id = $1 ORDER BY created_at DESC","duration":176,"rowCount":57,"requestId":"a23c8f8e-26ce-4ed6-9969-8e93f2315ce4"}
{"level":40,"time":1710500814877,"pid":48291,"hostname":"prod-api-7b4d9f","msg":"Job queue backlog growing: 132 pending jobs","module":"queue","pendingJobs":71}
{"level":20,"time":1710500828956,"pid":48291,"hostname":"prod-api-7b4d9f","module":"scheduler","msg":"Next run for process_refunds: 2024-03-15T11:19:35.407Z","task":"cleanup_expired_sessions"}
{"level":30,"time":1710500831644,"pid":48291,"hostname":"prod-api-7b4d9f","module":"http","msg":"GET /api/search 200","requestId":"f9689ba8-0e13-4066-bf36-d657ca1fb33b","method":"GET","url":"/api/search","statusCode":200,"responseTime":611,"bytesWritten":3683}
{"level":50,"time":1710500838598,"pid":48291,"hostname":"prod-api-7b4d9f","msg":"Job failed after 5 retries: analytics.aggregate","module":"queue","jobType":"email.send","jobId":"899ca271-ed3c-40fe-aff5-ecac0f726348","retries":3,"err":{"message":"Max retries exceeded","stack":"Error: Max retries exceeded\n    at Worker.processJob (src/queue/worker.js:78:11)"}}
{"level":30,"time":1710500849702,"pid":48291,"hostname":"prod-api-7b4d9f","module":"auth","requestId":"d2ad6771-fbb1-49fb-baa4-d5bc778311cb","msg":"Password reset requested","email":"user71@example.com"}
{"level":30,"time":1710500852779,"pid":48291,"hostname":"prod-api-7b4d9f","module":"http","msg":"GET /api/products/:id 200","requestId":"8912aeeb-c85b-4f67-86cf-d5f9ea439e16","method":"GET","url":"/api/products/:id","statusCode":200,"responseTime":427,"userId":"usr_p6q7r8","bytesWritten":10890}
{"level":30,"time":1710500856524,"pid":48291,"hostname":"prod-api-7b4d9f","module":"http","msg":"GET /api/orders/:id 404","requestId":"1784443a-55fc-4bbb-8038-abb30a134e9c","method":"GET","url":"/api/orders/:id","statusCode":404,"responseTime":312,"bytesWritten":2077}
{"level":30,"time":1710500864713,"pid":48291,"hostname":"prod-api-7b4d9f","module":"auth","requestId":"40c98e01-9a32-4a71-abad-10cf3f53e12d","msg":"User login successful","userId":"usr_v2w3x4","ip":"181.247.135.112"}
{"level":10,"time":1710500879917,"pid":48291,"hostname":"prod-api-7b4d9f","module":"payment","msg":"Webhook signature verification","webhookId":"wh_b13c6ed8"}
{"level":40,"time":1710500881801,"pid":48291,"hostname":"prod-api-7b4d9f","msg":"Email queue depth exceeding threshold: 346 pending","module":"email","queueDepth":367,"threshold":100}
{"level":30,"time":1710500902628,"pid":48291,"hostname":"prod-api-7b4d9f","module":"database","msg":"Query executed","query":"SELECT * FROM users WHERE email = $1","duration":21,"rowCount":11,"requestId":"f34c53e2-b07c-4ea0-8ad6-c49eb6fce8bd"}
{"level":10,"time":1710500905970,"pid":48291,"hostname":"prod-api-7b4d9f","module":"email","msg":"Template rendering: welcome","renderTime":4.12}
{"level":40,"time":1710500919750,"pid":48291,"hostname":"prod-api-7b4d9f","msg":"Slow response: /api/orders took 1600ms","module":"http","requestId":"b1cfc813-705a-46df-be9b-e1657f482317","responseTime":2623}
{"level":30,"time":1710500946048,"pid":48291,"hostname":"prod-api-7b4d9f","module":"http","msg":"GET /api/orders/:id 200","requestId":"9784de06-b156-45dd-b320-7a338d431a32","method":"GET","url":"/api/orders/:id","statusCode":200,"responseTime":611,"bytesWritten":9507}
{"level":30,"time":1710500947422,"pid":48291,"hostname":"prod-api-7b4d9f","module":"email","msg":"Email sent: shipping_update","template":"receipt","recipient":"user985@example.com","deliveryTime":1722}
{"level":30,"time":1710500955060,"pid":48291,"hostname":"prod-api-7b4d9f","module":"auth","requestId":"2ef15650-c223-4ffd-9787-47a7b9bad806","msg":"User registered","userId":"usr_b99e85","email":"newuser700@example.com"}
{"level":30,"time":1710500959748,"pid":48291,"hostname":"prod-api-7b4d9f","module":"scheduler","msg":"Cron job started: warm_cache","task":"warm_cache"}
{"level":30,"time":1710500963288,"pid":48291,"hostname":"prod-api-7b4d9f","module":"scheduler","msg":"Cron job completed: process_refunds","task":"process_refunds","duration":7421,"itemsProcessed":630}
{"level":30,"time":1710500971123,"pid":48291,"hostname":"prod-api-7b4d9f","module":"auth","requestId":"445d3be9-efa5-4200-a7fc-727fe7094288","msg":"Password reset requested","email":"user242@example.com"}
{"level":20,"time":1710500973306,"pid":48291,"hostname":"prod-api-7b4d9f","module":"database","msg":"Query plan: Seq Scan on users","requestId":"bea1a2cf-11f9-47f3-b6a7-5fe8cd86ebbc","estimatedCost":55.15}
{"level":30,"time":1710500994731,"pid":48291,"hostname":"prod-api-7b4d9f","module":"payment","requestId":"bc1e1aaa-e70d-4891-845c-936fc90091f1","msg":"Payment processed successfully","userId":"usr_a1b2c3","amount":38.83,"currency":"USD","orderId":"ord_6c440a0e","provider":"stripe"}
{"level":10,"time":1710501003432,"pid":48291,"hostname":"prod-api-7b4d9f","module":"database","msg":"Pool stats: idle=12 active=5 waiting=5"}
{"level":30,"time":1710501006081,"pid":48291,"hostname":"prod-api-7b4d9f","module":"payment","requestId":"c6451b36-0e7e-434e-a382-257864ffea30","msg":"Refund initiated","userId":"usr_d4e5f6","amount":136.12,"currency":"USD","refundId":"ref_593299f4"}
{"level":30,"time":1710501007918,"pid":48291,"hostname":"prod-api-7b4d9f","module":"scheduler","msg":"Cron job completed: send_digest_emails","task":"send_digest_emails","duration":2629,"itemsProcessed":790}
{"level":30,"time":1710501019579,"pid":48291,"hostname":"prod-api-7b4d9f","module":"http","msg":"GET /api/products/:id 200","requestId":"829da95a-2d56-4940-816c-6b80b9de0a66","method":"GET","url":"/api/products/:id","statusCode":200,"responseTime":420,"bytesWritten":6574}
{"level":50,"time":1710501038734,"pid":48291,"hostname":"prod-api-7b4d9f","msg":"Email delivery failed: mailbox full","module":"email","template":"welcome","recipient":"user776@example.com","err":{"message":"Mailbox full","stack":"Error: Mailbox full\n    at SMTPTransport.send (node_modules/nodemailer/lib/smtp-transport/index.js:287:19)"}}
{"level":30,"time":1710501039344,"pid":48291,"hostname":"prod-api-7b4d9f","module":"database","msg":"Query executed","query":"SELECT COUNT(*) FROM products WHERE stock > 0","duration":77,"rowCount":36,"requestId":"ee0310b0-75ff-4ccc-8d43-0ae60114ab00"}
{"level":20,"time":1710501059370,"pid":48291,"hostname":"prod-api-7b4d9f","module":"cache","msg":"Cache operation: GET config:site","latency":4.2}
{"level":10,"time":1710501070205,"pid":48291,"hostname":"prod-api-7b4d9f","module":"email","msg":"Template rendering: order_confirmation","renderTime":8.18}
{"level":40,"time":1710501072887,"pid":48291,"hostname":"prod-api-7b4d9f","msg":"Payment retry attempt 1 for order ord_8a5430f9","module":"payment","requestId":"96810fe2-89ea-46b9-a1c9-e75b068c07fc","attempt":1}
{"level":30,"time":1710501074255,"pid":48291,"hostname":"prod-api-7b4d9f","module":"auth","requestId":"1c0baf82-579b-4218-b913-b96ba1b91c6a","msg":"Password reset requested","email":"user165@example.com"}
{"level":20,"time":1710501075016,"pid":48291,"hostname":"prod-api-7b4d9f","module":"payment","msg":"Stripe API call: customers.retrieve","requestId":"f98b7562-cbd4-4a35-9b4c-d3a26a1b975b","duration":770}
{"level":10,"time":1710501104658,"pid":48291,"hostname":"prod-api-7b4d9f","module":"cache","msg":"Redis ping: 0.73ms","server":"10.0.2.15:6379"}
{"level":30,"time":1710501114543,"pid":48291,"hostname":"prod-api-7b4d9f","module":"http","msg":"GET /api/categories 200","requestId":"f114ff35-8ece-4053-8d4f-c6ed5544a42a","method":"GET","url":"/api/categories","statusCode":200,"responseTime":442,"userId":"usr_v2w3x4","bytesWritten":7928}
{"level":20,"time":1710501122154,"pid":48291,"hostname":"prod-api-7b4d9f","module":"payment","msg":"Stripe API call: payment_intents.create","requestId":"400d9b67-b295-4bc0-97d5-e7bb9c50c53b","duration":469}
{"level":20,"time":1710501123997,"pid":48291,"hostname":"prod-api-7b4d9f","module":"http","msg":"Request headers parsed","requestId":"6ae99c88-5a0c-43cf-80b1-569454af02b7","headers":{"content-type":"application/json","user-agent":"Mozilla/5.0","accept-encoding":"gzip, deflate"}}
{"level":30,"time":1710501130981,"pid":48291,"hostname":"prod-api-7b4d9f","module":"http","msg":"GET /api/users/me 200","requestId":"6aca0fad-175b-4811-97f0-52619249c570","method":"GET","url":"/api/users/me","statusCode":200,"responseTime":598,"userId":"usr_g7h8i9","bytesWritten":6741}
{"level":30,"time":1710501136450,"pid":48291,"hostname":"prod-api-7b4d9f","module":"http","msg":"GET /api/products/:id 500","requestId":"ff916201-e6de-4955-af67-015b6e704ece","method":"GET","url":"/api/products/:id","statusCode":500,"responseTime":277,"userId":"usr_d4e5f6","bytesWritten":38423}
{"level":50,"time":1710501141214,"pid":48291,"hostname":"prod-api-7b4d9f","msg":"Query timeout after 9105ms","module":"database","requestId":"0d7ad95f-8cce-43ae-b011-553f53f082e8","query":"INSERT INTO orders (user_id, total, status) VALUES ($1, $2, $3)","duration":12514,"err":{"message":"Query read timeout","stack":"Error: Query read timeout\n    at Connection.parseE (node_modules/pg/lib/connection.js:614:13)"}}
{"level":30,"time":1710501159602,"pid":48291,"hostname":"prod-api-7b4d9f","module":"database","msg":"Query executed","query":"DELETE FROM sessions WHERE expired_at < NOW()","duration":47,"rowCount":75,"requestId":"c2b24495-5a9e-4863-b649-1010cc12b815"}
{"level":30,"time":1710501166536,"pid":48291,"hostname":"prod-api-7b4d9f","module":"http","msg":"GET /api/orders 200","requestId":"17370c26-ad76-448f-81b9-7d7d5a46e9a8","method":"GET","url":"/api/orders","statusCode":200,"responseTime":143,"userId":"usr_j0k1l2","bytesWritten":12336}
{"level":20,"time":1710501167375,"pid":48291,"hostname":"prod-api-7b4d9f","module":"database","msg":"Query plan: Seq Scan on cart_items","requestId":"fcd1b29b-e051-4f69-8bea-7ae2814cd264","estimatedCost":16.4}
{"level":20,"time":1710501189864,"pid":48291,"hostname":"prod-api-7b4d9f","module":"cache","msg":"Cache operation: SET categories:all","latency":2.83}
{"level":30,"time":1710501190273,"pid":48291,"hostname":"prod-api-7b4d9f","module":"payment","requestId":"9ad39756-e475-4b63-ae27-446dbaefd026","msg":"Refund initiated","userId":"usr_m3n4o5","amount":178.63,"currency":"USD","refundId":"ref_74134c6f"}
{"level":30,"time":1710501192466,"pid":48291,"hostname":"prod-api-7b4d9f","module":"scheduler","msg":"Cron job started: warm_cache","task":"warm_cache"}
{"level":30,"time":1710501195072,"pid":48291,"hostname":"prod-api-7b4d9f","module":"http","msg":"POST /api/auth/register 201","requestId":"0e6bb1a9-5b5e-444c-bd27-aa671fe928be","method":"POST","url":"/api/auth/register","statusCode":201,"responseTime":250,"userId":"usr_g7h8i9","bytesWritten":16240}
{"level":60,"time":1710501198545,"pid":48291,"hostname":"prod-api-7b4d9f","module":"payment","msg":"Payment gateway unreachable - circuit breaker open","err":{"message":"ECONNREFUSED 10.0.3.45:443","stack":"Error: connect ECONNREFUSED 10.0.3.45:443\n    at TCPConnectWrap.afterConnect (net.js:1141:16)\n    at PaymentService.charge (src/services/payment.js:89:13)"}}
{"level":30,"time":1710501201167,"pid":48291,"hostname":"prod-api-7b4d9f","module":"email","msg":"Email sent: order_confirmation","template":"order_confirmation","recipient":"user258@example.com","deliveryTime":1424}
{"level":30,"time":1710501211714,"pid":48291,"hostname":"prod-api-7b4d9f","module":"payment","requestId":"20c5fc1d-d276-4a4a-88e5-281b0c157346","msg":"Payment processed successfully","userId":"usr_g7h8i9","amount":405.91,"currency":"USD","orderId":"ord_377927d2","provider":"stripe"}
{"level":30,"time":1710501226911,"pid":48291,"hostname":"prod-api-7b4d9f","module":"cache","msg":"Cache miss: products:featured683a4797","key":"products:featured683a4797","hit":false}
{"level":20,"time":1710501228719,"pid":48291,"hostname":"prod-api-7b4d9f","module":"http","msg":"Request headers parsed","requestId":"9ccb10ee-4c28-40d0-97b6-e9db176eafb9","headers":{"content-type":"application/json","user-agent":"Mozilla/5.0","accept-encoding":"gzip, deflate"}}
{"level":20,"time":1710501232779,"pid":48291,"hostname":"prod-api-7b4d9f","module":"cache","msg":"Cache operation: EXPIRE config:site","latency":0.79}
{"level":30,"time":1710501237485,"pid":48291,"hostname":"prod-api-7b4d9f","module":"email","msg":"Email sent: promotional","template":"promotional","recipient":"user131@example.com","deliveryTime":1846}
{"level":30,"time":1710501239056,"pid":48291,"hostname":"prod-api-7b4d9f","module":"http","msg":"PUT /api/users/me 200","requestId":"3a26e81e-fd3f-4623-b6c5-129b40a54698","method":"PUT","url":"/api/users/me","statusCode":200,"responseTime":675,"bytesWritten":19913}
{"level":20,"time":1710501243024,"pid":48291,"hostname":"prod-api-7b4d9f","module":"http","msg":"Request headers parsed","requestId":"3267c3f5-dcf8-4eb5-b751-1770b27a9943","headers":{"content-type":"application/json","user-agent":"Mozilla/5.0","accept-encoding":"gzip, deflate"}}
{"level":30,"time":1710501254496,"pid":48291,"hostname":"prod-api-7b4d9f","module":"payment","requestId":"7df4c6bb-17c1-4997-b590-7c835e223c7d","msg":"Refund initiated","userId":"usr_m3n4o5","amount":141.06,"currency":"USD","refundId":"ref_4fb6c9de"}
{"level":10,"time":1710501255850,"pid":48291,"hostname":"prod-api-7b4d9f","module":"database","msg":"Pool stats: idle=9 active=21 waiting=5"}
{"level":30,"time":1710501259015,"pid":48291,"hostname":"prod-api-7b4d9f","module":"scheduler","msg":"Cron job completed: warm_cache","task":"warm_cache","duration":13058,"itemsProcessed":334}
{"level":30,"time":1710501267192,"pid":48291,"hostname":"prod-api-7b4d9f","module":"http","msg":"DELETE /api/cart/:id 204","requestId":"8ccf8edc-c56d-4bdf-8bc0-7af8c7c44640","method":"DELETE","url":"/api/cart/:id","statusCode":204,"responseTime":434,"userId":"usr_a1b2c3","bytesWritten":17871}
{"level":30,"time":1710501275615,"pid":48291,"hostname":"prod-api-7b4d9f","module":"email","msg":"Email sent: order_confirmation","template":"shipping_update","recipient":"user370@example.com","deliveryTime":650}
{"level":50,"time":1710501276382,"pid":48291,"hostname":"prod-api-7b4d9f","msg":"Cron task failed: warm_cache","module":"scheduler","task":"send_digest_emails","err":{"message":"Task execution error","stack":"Error: Task execution error\n    at CronRunner.execute (src/scheduler/runner.js:45:9)"}}
{"level":20,"time":1710501280890,"pid":48291,"hostname":"prod-api-7b4d9f","module":"payment","msg":"Stripe API call: payment_intents.create","requestId":"b7885fdc-ce7c-472a-b37d-7bd77fb101e4","duration":520}
{"level":30,"time":1710501281011,"pid":48291,"hostname":"prod-api-7b4d9f","module":"http","msg":"GET /api/users/me 200","requestId":"43321693-2ac0-4b91-8ba2-d6e17b864f29","method":"GET","url":"/api/users/me","statusCode":200,"responseTime":42,"userId":"usr_g7h8i9","bytesWritten":35252}
{"level":20,"time":1710501281436,"pid":48291,"hostname":"prod-api-7b4d9f","module":"database","msg":"Query plan: Seq Scan on products","requestId":"71e0c0c9-acd5-4e8b-af68-ed2d5828028b","estimatedCost":59.89}
{"level":40,"time":1710501303624,"pid":48291,"hostname":"prod-api-7b4d9f","msg":"Payment retry attempt 3 for order ord_dd409f09","module":"payment","requestId":"21d3a798-87d4-47b8-9ff0-68d7e61277a9","attempt":2}
{"level":20,"time":1710501329206,"pid":48291,"hostname":"prod-api-7b4d9f","module":"email","msg":"SMTP handshake completed","smtpServer":"smtp.sendgrid.net","tlsVersion":"TLSv1.3"}
{"level":40,"time":1710501341622,"pid":48291,"hostname":"prod-api-7b4d9f","msg":"Email queue depth exceeding threshold: 265 pending","module":"email","queueDepth":210,"threshold":100}
{"level":30,"time":1710501363862,"pid":48291,"hostname":"prod-api-7b4d9f","module":"email","msg":"Email sent: receipt","template":"receipt","recipient":"user275@example.com","deliveryTime":481}
{"level":30,"time":1710501381515,"pid":48291,"hostname":"prod-api-7b4d9f","module":"auth","requestId":"425982a5-608b-4555-8780-11151a9da536","msg":"Session created","userId":"usr_d4e5f6","sessionId":"38267a69-819f-4fba-943e-653bf2f662c0"}
{"level":20,"time":1710501386834,"pid":48291,"hostname":"prod-api-7b4d9f","module":"queue","msg":"Worker polling: cache.warm queue","pendingJobs":18,"activeWorkers":3}
{"level":30,"time":1710501386978,"pid":48291,"hostname":"prod-api-7b4d9f","module":"http","msg":"POST /api/auth/refresh 401","requestId":"2fc73f5f-1df9-4bea-899c-7fafb734d777","method":"POST","url":"/api/auth/refresh","statusCode":401,"responseTime":451,"userId":"usr_d4e5f6","bytesWritten":38533}
{"level":30,"time":1710501391866,"pid":48291,"hostname":"prod-api-7b4d9f","module":"http","msg":"POST /api/auth/register 400","requestId":"c94d39df-63d3-4009-9dfd-c2899110967d","method":"POST","url":"/api/auth/register","statusCode":400,"responseTime":456,"bytesWritten":39337}
{"level":30,"time":1710501408199,"pid":48291,"hostname":"prod-api-7b4d9f","module":"http","msg":"POST /api/auth/register 400","requestId":"55bdf7df-a90a-45d6-8335-481d141b0c3a","method":"POST","url":"/api/auth/register","statusCode":400,"responseTime":48,"userId":"usr_p6q7r8","bytesWritten":39342}
{"level":30,"time":1710501430676,"pid":48291,"hostname":"prod-api-7b4d9f","module":"auth","requestId":"b62c4b0b-e957-4c42-99e5-e5c7091e1d9c","msg":"Password reset requested","email":"user476@example.com"}
{"level":20,"time":1710501445565,"pid":48291,"hostname":"prod-api-7b4d9f","module":"queue","msg":"Worker polling: report.generate queue","pendingJobs":2,"activeWorkers":1}
{"level":30,"time":1710501448847,"pid":48291,"hostname":"prod-api-7b4d9f","module":"database","msg":"Query executed","query":"SELECT * FROM users WHERE email = $1","duration":72,"rowCount":67,"requestId":"ff1cc3cc-bc5a-4cac-a8ae-8278722bd3a2"}
{"level":20,"time":1710501450716,"pid":48291,"hostname":"prod-api-7b4d9f","module":"cache","msg":"Cache operation: EXPIRE products:featured","latency":2.54}
{"level":10,"time":1710501450722,"pid":48291,"hostname":"prod-api-7b4d9f","module":"email","msg":"Template rendering: promotional","renderTime":1.04}
{"level":40,"time":1710501451395,"pid":48291,"hostname":"prod-api-7b4d9f","msg":"Task process_refunds running longer than expected: 48s","module":"scheduler","task":"cleanup_expired_sessions","durationSec":107}
{"level":40,"time":1710501457831,"pid":48291,"hostname":"prod-api-7b4d9f","msg":"Payment retry attempt 3 for order ord_8c981a40","module":"payment","requestId":"d89e81a7-4c4f-41a9-aa78-9268674d3fd8","attempt":1}
{"level":10,"time":1710501459414,"pid":48291,"hostname":"prod-api-7b4d9f","module":"cache","msg":"Redis ping: 1.84ms","server":"10.0.2.15:6379"}
{"level":10,"time":1710501463376,"pid":48291,"hostname":"prod-api-7b4d9f","module":"email","msg":"Template rendering: order_confirmation","renderTime":34.63}
{"level":20,"time":1710501468934,"pid":48291,"hostname":"prod-api-7b4d9f","module":"database","msg":"Query plan: Seq Scan on cart_items","requestId":"a61cb867-93b6-4b3f-8f51-b51495302000","estimatedCost":94.95}
{"level":30,"time":1710501487950,"pid":48291,"hostname":"prod-api-7b4d9f","module":"email","msg":"Email sent: welcome","template":"promotional","recipient":"user437@example.com","deliveryTime":1994}
{"level":40,"time":1710501495413,"pid":48291,"hostname":"prod-api-7b4d9f","msg":"Email queue depth exceeding threshold: 322 pending","module":"email","queueDepth":486,"threshold":100}
{"level":20,"time":1710501520977,"pid":48291,"hostname":"prod-api-7b4d9f","module":"auth","msg":"Token payload decoded","requestId":"8b49b2c0-ffa6-41a5-af4d-1419be55b891","userId":"usr_p6q7r8","exp":1710505120}
{"level":20,"time":1710501529756,"pid":48291,"hostname":"prod-api-7b4d9f","module":"scheduler","msg":"Next run for generate_daily_report: 2024-03-15T11:51:55.219Z","task":"send_digest_emails"}
{"level":10,"time":1710501534449,"pid":48291,"hostname":"prod-api-7b4d9f","module":"email","msg":"Template rendering: order_confirmation","renderTime":27.32}
{"level":30,"time":1710501537931,"pid":48291,"hostname":"prod-api-7b4d9f","module":"auth","requestId":"2ab1e5ff-b4d3-40b3-bb5a-424e596b6adb","msg":"User login successful","userId":"usr_g7h8i9","ip":"89.223.210.145"}
{"level":30,"time":1710501541858,"pid":48291,"hostname":"prod-api-7b4d9f","module":"http","msg":"GET /api/orders/:id 404","requestId":"645b5cf3-8be8-47ab-8666-c712f8798c7d","method":"GET","url":"/api/orders/:id","statusCode":404,"responseTime":199,"userId":"usr_v2w3x4","bytesWritten":5086}
{"level":30,"time":1710501541966,"pid":48291,"hostname":"prod-api-7b4d9f","module":"scheduler","msg":"Cron job started: cleanup_expired_sessions","task":"cleanup_expired_sessions"}
{"level":40,"time":1710501545781,"pid":48291,"hostname":"prod-api-7b4d9f","msg":"Rate limit approaching for IP 45.26.116.167","module":"auth","requestId":"23b9cdc4-4635-4443-8c40-7a5a7a179721","currentRate":81,"limit":100}
{"level":30,"time":1710501552111,"pid":48291,"hostname":"prod-api-7b4d9f","module":"http","msg":"POST /api/auth/refresh 401","requestId":"9faac388-1d76-42d8-9a14-f7f4cca10340","method":"POST","url":"/api/auth/refresh","statusCode":401,"responseTime":323,"userId":"usr_d4e5f6","bytesWritten":19529}
{"level":30,"time":1710501559750,"pid":48291,"hostname":"prod-api-7b4d9f","module":"auth","requestId":"5bd3314d-ccf9-4d55-bdee-fef2b8253fef","msg":"User registered","userId":"usr_27d39e","email":"newuser496@example.com"}
{"level":20,"time":1710501568716,"pid":48291,"hostname":"prod-api-7b4d9f","module":"database","msg":"Query plan: Seq Scan on products","requestId":"d533b60e-9955-43f9-a00d-8de76bc8571b","estimatedCost":52.73}
{"level":30,"time":1710501569113,"pid":48291,"hostname":"prod-api-7b4d9f","module":"http","msg":"POST /api/auth/refresh 200","requestId":"30cd1242-c669-4fc9-92d8-4900d59c354b","method":"POST","url":"/api/auth/refresh","statusCode":200,"responseTime":617,"userId":"usr_v2w3x4","bytesWritten":16453}
{"level":40,"time":1710501583916,"pid":48291,"hostname":"prod-api-7b4d9f","msg":"Task warm_cache running longer than expected: 74s","module":"scheduler","task":"sync_inventory","durationSec":41}
{"level":40,"time":1710501584647,"pid":48291,"hostname":"prod-api-7b4d9f","msg":"Payment retry attempt 2 for order ord_398c7b68","module":"payment","requestId":"9ee1f9fc-5e84-4f31-a159-4d62b8d5a876","attempt":1}
{"level":40,"time":1710501596928,"pid":48291,"hostname":"prod-api-7b4d9f","msg":"Email queue depth exceeding threshold: 245 pending","module":"email","queueDepth":268,"threshold":100}
{"level":20,"time":1710501598733,"pid":48291,"hostname":"prod-api-7b4d9f","module":"auth","msg":"Token payload decoded","requestId":"8a2f4ce6-a09f-416d-a3f5-437307b4d68f","userId":"usr_p6q7r8","exp":1710505198}
{"level":30,"time":1710501614783,"pid":48291,"hostname":"prod-api-7b4d9f","module":"http","msg":"DELETE /api/cart/:id 204","requestId":"6b1eb50d-dfe9-4178-8582-1844b9285c0b","method":"DELETE","url":"/api/cart/:id","statusCode":204,"responseTime":36,"userId":"usr_m3n4o5","bytesWritten":15971}
{"level":20,"time":1710501621378,"pid":48291,"hostname":"prod-api-7b4d9f","module":"payment","msg":"Stripe API call: refunds.create","requestId":"63dfc3e8-6ff4-4b8c-8ed7-906d7446bafe","duration":606}
{"level":30,"time":1710501641828,"pid":48291,"hostname":"prod-api-7b4d9f","module":"queue","msg":"Job completed: cleanup.sessions","jobType":"cleanup.sessions","jobId":"a0ef37e1-4b3f-4144-8d48-94ad71062c49","duration":4527}
{"level":30,"time":1710501647009,"pid":48291,"hostname":"prod-api-7b4d9f","module":"http","msg":"PUT /api/users/me 400","requestId":"d073ee40-d195-480c-8d86-f86c49447923","method":"PUT","url":"/api/users/me","statusCode":400,"responseTime":622,"userId":"usr_p6q7r8","bytesWritten":610}
{"level":30,"time":1710501654845,"pid":48291,"hostname":"prod-api-7b4d9f","module":"http","msg":"POST /api/orders 201","requestId":"ffed368b-eb2b-46ff-bea9-fe80f06dd79d","method":"POST","url":"/api/orders","statusCode":201,"responseTime":404,"userId":"usr_a1b2c3","bytesWritten":25398}
{"level":20,"time":1710501673595,"pid":48291,"hostname":"prod-api-7b4d9f","module":"email","msg":"SMTP handshake completed","smtpServer":"smtp.sendgrid.net","tlsVersion":"TLSv1.3"}
{"level":10,"time":1710501674543,"pid":48291,"hostname":"prod-api-7b4d9f","module":"scheduler","msg":"Lock acquired for task: send_digest_emails","lockTTL":30}
{"level":30,"time":1710501677353,"pid":48291,"hostname":"prod-api-7b4d9f","module":"http","msg":"GET /api/categories 200","requestId":"36b8ca4c-7135-4b02-8354-3ca29a221ede","method":"GET","url":"/api/categories","statusCode":200,"responseTime":583,"userId":"usr_a1b2c3","bytesWritten":6592}
{"level":30,"time":1710501681704,"pid":48291,"hostname":"prod-api-7b4d9f","module":"http","msg":"POST /api/orders 201","requestId":"6337aa1e-89e1-4ffc-ac43-67db07765980","method":"POST","url":"/api/orders","statusCode":201,"responseTime":743,"bytesWritten":25076}
{"level":10,"time":1710501687107,"pid":48291,"hostname":"prod-api-7b4d9f","module":"queue","msg":"Message acknowledgment sent","jobId":"db67226f-b37d-4cca-aee3-6454858b69d7","queue":"cleanup.sessions"}
{"level":50,"time":1710501700311,"pid":48291,"hostname":"prod-api-7b4d9f","msg":"Query timeout after 10241ms","module":"database","requestId":"9f5c2e3d-1c26-4d0d-9322-212098d04198","query":"SELECT * FROM users WHERE email = $1","duration":9365,"err":{"message":"Query read timeout","stack":"Error: Query read timeout\n    at Connection.parseE (node_modules/pg/lib/connection.js:614:13)"}}
{"level":30,"time":1710501705112,"pid":48291,"hostname":"prod-api-7b4d9f","module":"cache","msg":"Cache miss: user:profile:4425c7ca","key":"user:profile:4425c7ca","hit":false}
{"level":10,"time":1710501725495,"pid":48291,"hostname":"prod-api-7b4d9f","module":"email","msg":"Template rendering: order_confirmation","renderTime":10.99}
{"level":50,"time":1710501732161,"pid":48291,"hostname":"prod-api-7b4d9f","msg":"Query timeout after 13213ms","module":"database","requestId":"29e354eb-81bd-44b8-a03e-42568089b98f","query":"SELECT * FROM orders WHERE user_id = $1 ORDER BY created_at DESC","duration":9607,"err":{"message":"Query read timeout","stack":"Error: Query read timeout\n    at Connection.parseE (node_modules/pg/lib/connection.js:614:13)"}}
{"level":40,"time":1710501736703,"pid":48291,"hostname":"prod-api-7b4d9f","msg":"Payment retry attempt 3 for order ord_cb462e10","module":"payment","requestId":"99809d76-2e5e-4e6a-8596-a06f049906c2","attempt":2}
{"level":10,"time":1710501752599,"pid":48291,"hostname":"prod-api-7b4d9f","module":"auth","msg":"JWKS cache check: refreshing","kid":"5c7c894d"}
{"level":10,"time":1710501764020,"pid":48291,"hostname":"prod-api-7b4d9f","module":"payment","msg":"Webhook signature verification","webhookId":"wh_2c4f037b"}
{"level":40,"time":1710501780438,"pid":48291,"hostname":"prod-api-7b4d9f","msg":"Email queue depth exceeding threshold: 382 pending","module":"email","queueDepth":252,"threshold":100}
{"level":60,"time":1710501782843,"pid":48291,"hostname":"prod-api-7b4d9f","module":"payment","msg":"Payment gateway unreachable - circuit breaker open","err":{"message":"ECONNREFUSED 10.0.3.45:443","stack":"Error: connect ECONNREFUSED 10.0.3.45:443\n    at TCPConnectWrap.afterConnect (net.js:1141:16)\n    at PaymentService.charge (src/services/payment.js:89:13)"}}
{"level":20,"time":1710501784306,"pid":48291,"hostname":"prod-api-7b4d9f","module":"email","msg":"SMTP handshake completed","smtpServer":"smtp.sendgrid.net","tlsVersion":"TLSv1.3"}
{"level":10,"time":1710501794699,"pid":48291,"hostname":"prod-api-7b4d9f","module":"queue","msg":"Message acknowledgment sent","jobId":"97e3a8c9-4c83-4d4b-bba0-402392ef3eb5","queue":"inventory.sync"}
{"level":30,"time":1710501809010,"pid":48291,"hostname":"prod-api-7b4d9f","module":"auth","requestId":"d76cf47f-7ed5-4117-9570-98d71a2d7d95","msg":"User login successful","userId":"usr_a1b2c3","ip":"75.9.188.47"}
{"level":30,"time":1710501811193,"pid":48291,"hostname":"prod-api-7b4d9f","module":"http","msg":"POST /api/auth/refresh 401","requestId":"5df3ac4d-9dff-4610-8a19-ceaebc6c7cff","method":"POST","url":"/api/auth/refresh","statusCode":401,"responseTime":712,"userId":"usr_p6q7r8","bytesWritten":32859}
{"level":50,"time":1710501811836,"pid":48291,"hostname":"prod-api-7b4d9f","msg":"Redis connection error: ECONNRESET","module":"cache","err":{"message":"ECONNRESET","stack":"Error: read ECONNRESET\n    at TCP.onStreamRead (internal/stream_base_commons.js:209:20)"}}
{"level":10,"time":1710501830936,"pid":48291,"hostname":"prod-api-7b4d9f","module":"cache","msg":"Redis ping: 1.77ms","server":"10.0.2.15:6379"}
{"level":60,"time":1710501835321,"pid":48291,"hostname":"prod-api-7b4d9f","module":"payment","msg":"Payment gateway unreachable - circuit breaker open","err":{"message":"ECONNREFUSED 10.0.3.45:443","stack":"Error: connect ECONNREFUSED 10.0.3.45:443\n    at TCPConnectWrap.afterConnect (net.js:1141:16)\n    at PaymentService.charge (src/services/payment.js:89:13)"}}
{"level":20,"time":1710501836367,"pid":48291,"hostname":"prod-api-7b4d9f","module":"cache","msg":"Cache operation: DEL products:featured","latency":2.74}
{"level":10,"time":1710501840396,"pid":48291,"hostname":"prod-api-7b4d9f","module":"database","msg":"Pool stats: idle=7 active=5 waiting=1"}
{"level":50,"time":1710501840950,"pid":48291,"hostname":"prod-api-7b4d9f","msg":"Redis connection error: ECONNRESET","module":"cache","err":{"message":"ECONNRESET","stack":"Error: read ECONNRESET\n    at TCP.onStreamRead (internal/stream_base_commons.js:209:20)"}}
{"level":50,"time":1710501844877,"pid":48291,"hostname":"prod-api-7b4d9f","msg":"Email delivery failed: mailbox full","module":"email","template":"order_confirmation","recipient":"user410@example.com","err":{"message":"Mailbox full","stack":"Error: Mailbox full\n    at SMTPTransport.send (node_modules/nodemailer/lib/smtp-transport/index.js:287:19)"}}
{"level":30,"time":1710501847793,"pid":48291,"hostname":"prod-api-7b4d9f","module":"database","msg":"Query executed","query":"UPDATE cart SET quantity = $1 WHERE id = $2","duration":17,"rowCount":58,"requestId":"402e84ef-2bac-4ca7-8153-f42be7d696c8"}
{"level":30,"time":1710501850301,"pid":48291,"hostname":"prod-api-7b4d9f","module":"http","msg":"POST /api/orders 201","requestId":"24eb4cf5-ff36-4967-bb95-179413a63fb1","method":"POST","url":"/api/orders","statusCode":201,"responseTime":404,"bytesWritten":15141}
{"level":20,"time":1710501852615,"pid":48291,"hostname":"prod-api-7b4d9f","module":"cache","msg":"Cache operation: DEL search:results:","latency":4.57}
{"level":50,"time":1710501854091,"pid":48291,"hostname":"prod-api-7b4d9f","msg":"Job failed after 5 retries: report.generate","module":"queue","jobType":"cache.warm","jobId":"36bcd795-7a27-47dd-bae8-a1fec4334ac4","retries":4,"err":{"message":"Max retries exceeded","stack":"Error: Max retries exceeded\n    at Worker.processJob (src/queue/worker.js:78:11)"}}
{"level":40,"time":1710501856290,"pid":48291,"hostname":"prod-api-7b4d9f","msg":"Payment retry attempt 1 for order ord_2fdd0f8e","module":"payment","requestId":"ae2c2da4-c14e-420f-a028-6c6d647d8b95","attempt":3}
{"level":30,"time":1710501856742,"pid":48291,"hostname":"prod-api-7b4d9f","module":"http","msg":"GET /api/orders 200","requestId":"d8ac3d04-fc5e-4c09-b48d-6310868a0d36","method":"GET","url":"/api/orders","statusCode":200,"responseTime":101,"userId":"usr_d4e5f6","bytesWritten":35109}
{"level":20,"time":1710501857670,"pid":48291,"hostname":"prod-api-7b4d9f","module":"queue","msg":"Worker polling: order.process queue","pendingJobs":11,"activeWorkers":4}
{"level":50,"time":1710501859284,"pid":48291,"hostname":"prod-api-7b4d9f","msg":"Authentication failed: invalid token signature","module":"auth","requestId":"888748cb-8204-42e7-83b6-d9e9b9baf05e","userId":"usr_a1b2c3","err":{"message":"JsonWebTokenError: invalid signature","stack":"JsonWebTokenError: invalid signature\n    at verify (node_modules/jsonwebtoken/verify.js:126:19)"}}
{"level":30,"time":1710501863437,"pid":48291,"hostname":"prod-api-7b4d9f","module":"cache","msg":"Cache hit: products:list","key":"products:list","hit":true,"ttl":1385}
{"level":30,"time":1710501864051,"pid":48291,"hostname":"prod-api-7b4d9f","module":"payment","requestId":"7f953513-03da-4108-8886-c13b67f925be","msg":"Refund initiated","userId":"usr_d4e5f6","amount":35.19,"currency":"USD","refundId":"ref_6ff30c29"}
{"level":20,"time":1710501866142,"pid":48291,"hostname":"prod-api-7b4d9f","module":"cache","msg":"Cache operation: GET user:profile:","latency":4.64}
{"level":30,"time":1710501870592,"pid":48291,"hostname":"prod-api-7b4d9f","module":"http","msg":"DELETE /api/cart/:id 404","requestId":"5b9d2a80-ad74-4bdc-9ac0-5707192f4213","method":"DELETE","url":"/api/cart/:id","statusCode":404,"responseTime":301,"bytesWritten":48191}
{"level":30,"time":1710501875533,"pid":48291,"hostname":"prod-api-7b4d9f","module":"cache","msg":"Cache miss: search:results:a60ab652","key":"search:results:a60ab652","hit":false}
{"level":30,"time":1710501877639,"pid":48291,"hostname":"prod-api-7b4d9f","module":"auth","requestId":"53849da8-4a4c-4ce4-8735-784d96a07b86","msg":"Password reset requested","email":"user61@example.com"}
{"level":30,"time":1710501882567,"pid":48291,"hostname":"prod-api-7b4d9f","module":"http","msg":"DELETE /api/cart/:id 204","requestId":"25ecaac6-35c7-4175-9e1c-77114aa9a1ae","method":"DELETE","url":"/api/cart/:id","statusCode":204,"responseTime":222,"userId":"usr_g7h8i9","bytesWritten":49754}
{"level":30,"time":1710501883000,"pid":48291,"hostname":"prod-api-7b4d9f","module":"http","msg":"GET /api/products/:id 200","requestId":"ac0068b7-0d85-4117-9412-47537078c60e","method":"GET","url":"/api/products/:id","statusCode":200,"responseTime":799,"bytesWritten":35148}
{"level":30,"time":1710501883114,"pid":48291,"hostname":"prod-api-7b4d9f","module":"auth","requestId":"e504060e-be50-4f05-b124-f9e8b161f9cc","msg":"User login successful","userId":"usr_p6q7r8","ip":"152.132.47.81"}
{"level":30,"time":1710501884822,"pid":48291,"hostname":"prod-api-7b4d9f","module":"auth","requestId":"eaa939a7-251b-4f81-8144-369f0acf1dae","msg":"Password reset requested","email":"user122@example.com"}
{"level":30,"time":1710501886319,"pid":48291,"hostname":"prod-api-7b4d9f","module":"auth","requestId":"7b71ada5-ef37-47d6-8ae2-0d373e9f8849","msg":"Password reset requested","email":"user34@example.com"}
{"level":20,"time":1710501887422,"pid":48291,"hostname":"prod-api-7b4d9f","module":"email","msg":"SMTP handshake completed","smtpServer":"smtp.sendgrid.net","tlsVersion":"TLSv1.3"}
{"level":30,"time":1710501893453,"pid":48291,"hostname":"prod-api-7b4d9f","module":"database","msg":"Query executed","query":"SELECT * FROM products WHERE category_id = $1","duration":72,"rowCount":59,"requestId":"0e00de9e-a1e3-4f76-ac51-036aba1ef388"}
{"level":40,"time":1710501894212,"pid":48291,"hostname":"prod-api-7b4d9f","msg":"Connection pool at 93% capacity (45/50)","module":"database","poolUsed":46,"poolMax":50}
{"level":30,"time":1710501897965,"pid":48291,"hostname":"prod-api-7b4d9f","module":"payment","requestId":"84974320-f7a2-421f-ba9f-0e712c58a7b6","msg":"Refund initiated","userId":"usr_v2w3x4","amount":51.84,"currency":"USD","refundId":"ref_1c077a3b"}
{"level":20,"time":1710501899143,"pid":48291,"hostname":"prod-api-7b4d9f","module":"database","msg":"Query plan: Seq Scan on cart_items","requestId":"7971b49e-4448-4e89-9fb2-28e60d0025da","estimatedCost":18.66}
{"level":30,"time":1710501900360,"pid":48291,"hostname":"prod-api-7b4d9f","module":"http","msg":"POST /api/auth/refresh 401","requestId":"eb31917f-32db-49ba-bbac-1da068bd278c","method":"POST","url":"/api/auth/refresh","statusCode":401,"responseTime":494,"userId":"usr_a1b2c3","bytesWritten":15853}
{"level":40,"time":1710501900781,"pid":48291,"hostname":"prod-api-7b4d9f","msg":"Email queue depth exceeding threshold: 331 pending","module":"email","queueDepth":190,"threshold":100}
{"level":30,"time":1710501902807,"pid":48291,"hostname":"prod-api-7b4d9f","module":"scheduler","msg":"Cron job started: cleanup_expired_sessions","task":"cleanup_expired_sessions"}
{"level":30,"time":1710501905007,"pid":48291,"hostname":"prod-api-7b4d9f","module":"http","msg":"GET /api/products/:id 200","requestId":"f6e1d5fe-d6aa-4ef1-9dc5-84395a6c5c2d","method":"GET","url":"/api/products/:id","statusCode":200,"responseTime":250,"userId":"usr_a1b2c3","bytesWritten":47472}
{"level":20,"time":1710501907495,"pid":48291,"hostname":"prod-api-7b4d9f","module":"email","msg":"SMTP handshake completed","smtpServer":"smtp.sendgrid.net","tlsVersion":"TLSv1.3"}
{"level":30,"time":1710501908004,"pid":48291,"hostname":"prod-api-7b4d9f","module":"auth","requestId":"acfd9d4d-2334-4b86-9ff5-75d8a480d83a","msg":"User login successful","userId":"usr_v2w3x4","ip":"87.15.171.80"}
{"level":10,"time":1710501914869,"pid":48291,"hostname":"prod-api-7b4d9f","module":"auth","msg":"JWKS cache check: valid","kid":"cf4f3b13"}
{"level":50,"time":1710501918362,"pid":48291,"hostname":"prod-api-7b4d9f","msg":"Email delivery failed: mailbox full","module":"email","template":"shipping_update","recipient":"user248@example.com","err":{"message":"Mailbox full","stack":"Error: Mailbox full\n    at SMTPTransport.send (node_modules/nodemailer/lib/smtp-transport/index.js:287:19)"}}
{"level":20,"time":1710501918769,"pid":48291,"hostname":"prod-api-7b4d9f","module":"http","msg":"Request headers parsed","requestId":"a79d187a-521d-4e2a-9ce5-1b26a53430f7","headers":{"content-type":"application/json","user-agent":"Mozilla/5.0","accept-encoding":"gzip, deflate"}}
{"level":10,"time":1710501922839,"pid":48291,"hostname":"prod-api-7b4d9f","module":"email","msg":"Template rendering: receipt","renderTime":23.17}
{"level":20,"time":1710501929566,"pid":48291,"hostname":"prod-api-7b4d9f","module":"http","msg":"Request headers parsed","requestId":"85fc0442-7d92-4803-b0dc-f7f1c2bf4b39","headers":{"content-type":"application/json","user-agent":"Mozilla/5.0","accept-encoding":"gzip, deflate"}}
{"level":30,"time":1710501929893,"pid":48291,"hostname":"prod-api-7b4d9f","module":"payment","requestId":"1462ff8a-2955-4f92-95f3-6851654f70ba","msg":"Payment processed successfully","userId":"usr_j0k1l2","amount":417.11,"currency":"USD","orderId":"ord_3bf2d5dd","provider":"stripe"}
{"level":30,"time":1710501929904,"pid":48291,"hostname":"prod-api-7b4d9f","module":"queue","msg":"Job enqueued: email.send","jobType":"email.send","jobId":"a4431795-aa23-478d-ab2a-3bc74ca9de29","priority":"low"}
{"level":30,"time":1710501931123,"pid":48291,"hostname":"prod-api-7b4d9f","module":"scheduler","msg":"Cron job started: sync_inventory","task":"sync_inventory"}
{"level":20,"time":1710501931475,"pid":48291,"hostname":"prod-api-7b4d9f","module":"http","msg":"Request headers parsed","requestId":"f36fbac6-4a5b-452c-aca9-c4fd08a4a2be","headers":{"content-type":"application/json","user-agent":"Mozilla/5.0","accept-encoding":"gzip, deflate"}}
{"level":20,"time":1710501931594,"pid":48291,"hostname":"prod-api-7b4d9f","module":"http","msg":"Request headers parsed","requestId":"71d1af6e-628a-4762-8c1a-106a8f724e31","headers":{"content-type":"application/json","user-agent":"Mozilla/5.0","accept-encoding":"gzip, deflate"}}
{"level":30,"time":1710501931651,"pid":48291,"hostname":"prod-api-7b4d9f","module":"database","msg":"Query executed","query":"SELECT * FROM orders WHERE user_id = $1 ORDER BY created_at DESC","duration":23,"rowCount":52,"requestId":"0ff675d1-353d-4b3c-91f4-36c079749a1b"}
{"level":20,"time":1710501932644,"pid":48291,"hostname":"prod-api-7b4d9f","module":"cache","msg":"Cache operation: SET search:results:","latency":0.96}
{"level":30,"time":1710501932727,"pid":48291,"hostname":"prod-api-7b4d9f","module":"auth","requestId":"7f5951b7-9f31-4c2f-8957-cd401c0c75ce","msg":"Token refreshed","userId":"usr_m3n4o5"}
{"level":30,"time":1710501936035,"pid":48291,"hostname":"prod-api-7b4d9f","module":"cache","msg":"Cache hit: inventory:","key":"inventory:","hit":true,"ttl":1460}
{"level":30,"time":1710501936468,"pid":48291,"hostname":"prod-api-7b4d9f","module":"http","msg":"PUT /api/users/me 200","requestId":"979b3bb0-fb4f-494f-864c-644189ec4618","method":"PUT","url":"/api/users/me","statusCode":200,"responseTime":418,"bytesWritten":10628}
{"level":50,"time":1710501937549,"pid":48291,"hostname":"prod-api-7b4d9f","msg":"Payment declined: insufficient funds","module":"payment","requestId":"74721f54-0160-4cfb-ae6c-ab65073e1488","userId":"usr_m3n4o5","amount":138.47,"currency":"USD"}
{"level":30,"time":1710501938322,"pid":48291,"hostname":"prod-api-7b4d9f","module":"http","msg":"POST /api/auth/refresh 200","requestId":"6c63e651-fe26-49d4-a0b1-c72484c3fa43","method":"POST","url":"/api/auth/refresh","statusCode":200,"responseTime":429,"userId":"usr_d4e5f6","bytesWritten":21892}
{"level":30,"time":1710501939644,"pid":48291,"hostname":"prod-api-7b4d9f","module":"cache","msg":"Cache miss: inventory:cc5d5a30","key":"inventory:cc5d5a30","hit":false}
{"level":30,"time":1710501941575,"pid":48291,"hostname":"prod-api-7b4d9f","module":"cache","msg":"Cache miss: user:profile:8b883a8d","key":"user:profile:8b883a8d","hit":false}
{"level":10,"time":1710501945466,"pid":48291,"hostname":"prod-api-7b4d9f","module":"queue","msg":"Message acknowledgment sent","jobId":"07792899-b7fd-4586-9ccb-5de01c6ee260","queue":"email.send"}
{"level":30,"time":1710501949162,"pid":48291,"hostname":"prod-api-7b4d9f","module":"http","msg":"GET /api/search 200","requestId":"967f540c-0a24-499c-a0aa-9b60950dd7f6","method":"GET","url":"/api/search","statusCode":200,"responseTime":529,"bytesWritten":19951}
{"level":20,"time":1710501951151,"pid":48291,"hostname":"prod-api-7b4d9f","module":"scheduler","msg":"Next run for cleanup_expired_sessions: 2024-03-15T12:10:09.077Z","task":"generate_daily_report"}
{"level":30,"time":1710501953614,"pid":48291,"hostname":"prod-api-7b4d9f","module":"queue","msg":"Job enqueued: analytics.aggregate","jobType":"analytics.aggregate","jobId":"e182d146-efad-4a2c-b953-9e1418841b69","priority":"low"}
{"level":30,"time":1710501956381,"pid":48291,"hostname":"prod-api-7b4d9f","module":"http","msg":"GET /api/products/:id 500","requestId":"018d9adc-d4c3-487a-a926-9f10baa4f597","method":"GET","url":"/api/products/:id","statusCode":500,"responseTime":176,"bytesWritten":29769}
{"level":30,"time":1710501958601,"pid":48291,"hostname":"prod-api-7b4d9f","module":"cache","msg":"Cache hit: categories:all","key":"categories:all","hit":true,"ttl":322}
{"level":30,"time":1710501964363,"pid":48291,"hostname":"prod-api-7b4d9f","module":"http","msg":"GET /api/health 200","requestId":"fa04b10b-a2da-4ee6-9a3d-ffdc2cf035a4","method":"GET","url":"/api/health","statusCode":200,"responseTime":481,"userId":"usr_p6q7r8","bytesWritten":37671}
{"level":30,"time":1710501966456,"pid":48291,"hostname":"prod-api-7b4d9f","module":"database","msg":"Query executed","query":"SELECT * FROM products WHERE category_id = $1","duration":161,"rowCount":78,"requestId":"b4e122a5-d070-4b5c-bb1f-5b3751eb7de1"}
{"level":20,"time":1710501966621,"pid":48291,"hostname":"prod-api-7b4d9f","module":"http","msg":"Request headers parsed","requestId":"77ee4b55-0e9f-4aa3-9395-69df4c24bbd1","headers":{"content-type":"application/json","user-agent":"Mozilla/5.0","accept-encoding":"gzip, deflate"}}
{"level":10,"time":1710501967511,"pid":48291,"hostname":"prod-api-7b4d9f","module":"cache","msg":"Redis ping: 0.25ms","server":"10.0.2.15:6379"}
{"level":30,"time":1710501969343,"pid":48291,"hostname":"prod-api-7b4d9f","module":"scheduler","msg":"Cron job completed: sync_inventory","task":"sync_inventory","duration":5824,"itemsProcessed":332}
{"level":20,"time":1710501970432,"pid":48291,"hostname":"prod-api-7b4d9f","module":"scheduler","msg":"Next run for send_digest_emails: 2024-03-15T12:12:46.490Z","task":"sync_inventory"}
{"level":40,"time":1710501972754,"pid":48291,"hostname":"prod-api-7b4d9f","msg":"Email queue depth exceeding threshold: 276 pending","module":"email","queueDepth":449,"threshold":100}
{"level":30,"time":1710501974065,"pid":48291,"hostname":"prod-api-7b4d9f","module":"http","msg":"POST /api/payments/charge 200","requestId":"bb2430ad-244d-4c7e-946f-8e7ba5ab7efc","method":"POST","url":"/api/payments/charge","statusCode":200,"responseTime":317,"bytesWritten":10157}
{"level":20,"time":1710501974888,"pid":48291,"hostname":"prod-api-7b4d9f","module":"cache","msg":"Cache operation: SET products:featured","latency":2.78}
{"level":40,"time":1710501975557,"pid":48291,"hostname":"prod-api-7b4d9f","msg":"Task send_digest_emails running longer than expected: 87s","module":"scheduler","task":"warm_cache","durationSec":64}
{"level":20,"time":1710501976874,"pid":48291,"hostname":"prod-api-7b4d9f","module":"email","msg":"SMTP handshake completed","smtpServer":"smtp.sendgrid.net","tlsVersion":"TLSv1.3"}
{"level":30,"time":1710501977161,"pid":48291,"hostname":"prod-api-7b4d9f","module":"scheduler","msg":"Cron job completed: process_refunds","task":"process_refunds","duration":12071,"itemsProcessed":273}
{"level":40,"time":1710501977688,"pid":48291,"hostname":"prod-api-7b4d9f","msg":"Task process_refunds running longer than expected: 90s","module":"scheduler","task":"process_refunds","durationSec":86}
{"level":30,"time":1710501985182,"pid":48291,"hostname":"prod-api-7b4d9f","module":"http","msg":"POST /api/auth/register 201","requestId":"8d029e69-bd64-48ab-806e-6fb808ce4bdc","method":"POST","url":"/api/auth/register","statusCode":201,"responseTime":48,"userId":"usr_d4e5f6","bytesWritten":13555}
{"level":50,"time":1710501985910,"pid":48291,"hostname":"prod-api-7b4d9f","msg":"Query timeout after 16871ms","module":"database","requestId":"55d1fb4b-eb08-478b-8499-9f5bb38ab6a7","query":"SELECT * FROM orders WHERE user_id = $1 ORDER BY created_at DESC","duration":14192,"err":{"message":"Query read timeout","stack":"Error: Query read timeout\n    at Connection.parseE (node_modules/pg/lib/connection.js:614:13)"}}
{"level":30,"time":1710501988727,"pid":48291,"hostname":"prod-api-7b4d9f","module":"auth","requestId":"4d1c98ad-74d2-47db-9b62-ba9cc8262229","msg":"User registered","userId":"usr_fad8b4","email":"newuser81@example.com"}
{"level":10,"time":1710501989539,"pid":48291,"hostname":"prod-api-7b4d9f","module":"email","msg":"Template rendering: shipping_update","renderTime":45.64}
{"level":10,"time":1710501995856,"pid":48291,"hostname":"prod-api-7b4d9f","module":"http","msg":"Middleware chain: [cors, helmet, compression, auth, router]","requestId":"a290bd22-5af1-4f55-b981-91a51ea86d8e"}
{"level":30,"time":1710501996614,"pid":48291,"hostname":"prod-api-7b4d9f","module":"auth","requestId":"fc1bc0cd-948f-43c7-8cbe-5802cafe5109","msg":"Password reset requested","email":"user231@example.com"}
{"level":50,"time":1710501998194,"pid":48291,"hostname":"prod-api-7b4d9f","msg":"Redis connection error: ECONNRESET","module":"cache","err":{"message":"ECONNRESET","stack":"Error: read ECONNRESET\n    at TCP.onStreamRead (internal/stream_base_commons.js:209:20)"}}
{"level":40,"time":1710501999367,"pid":48291,"hostname":"prod-api-7b4d9f","msg":"Slow response: /api/search took 1457ms","module":"http","requestId":"fd1d0b07-fa40-4ce0-b0f0-736f26472756","responseTime":1347}
{"level":30,"time":1710502000192,"pid":48291,"hostname":"prod-api-7b4d9f","module":"http","msg":"GET /api/orders 200","requestId":"df5bf65f-bf2a-4abc-aa16-a0cb8ca28397","method":"GET","url":"/api/orders","statusCode":200,"responseTime":203,"userId":"usr_d4e5f6","bytesWritten":33394}
{"level":50,"time":1710502003873,"pid":48291,"hostname":"prod-api-7b4d9f","msg":"Query timeout after 17515ms","module":"database","requestId":"3c28dd86-2f7f-42e3-b2f4-157f800a3d81","query":"INSERT INTO orders (user_id, total, status) VALUES ($1, $2, $3)","duration":20532,"err":{"message":"Query read timeout","stack":"Error: Query read timeout\n    at Connection.parseE (node_modules/pg/lib/connection.js:614:13)"}}
{"level":20,"time":1710502004474,"pid":48291,"hostname":"prod-api-7b4d9f","module":"auth","msg":"Token payload decoded","requestId":"e33ec58c-7151-445e-bbe5-30723e249daf","userId":"usr_g7h8i9","exp":1710505604}
{"level":10,"time":1710502013216,"pid":48291,"hostname":"prod-api-7b4d9f","module":"email","msg":"Template rendering: password_reset","renderTime":40.91}
{"level":50,"time":1710502014179,"pid":48291,"hostname":"prod-api-7b4d9f","msg":"Redis connection error: ECONNRESET","module":"cache","err":{"message":"ECONNRESET","stack":"Error: read ECONNRESET\n    at TCP.onStreamRead (internal/stream_base_commons.js:209:20)"}}
{"level":10,"time":1710502014216,"pid":48291,"hostname":"prod-api-7b4d9f","module":"email","msg":"Template rendering: promotional","renderTime":13.34}
{"level":40,"time":1710502014358,"pid":48291,"hostname":"prod-api-7b4d9f","msg":"Task warm_cache running longer than expected: 106s","module":"scheduler","task":"generate_daily_report","durationSec":69}
{"level":30,"time":1710502016638,"pid":48291,"hostname":"prod-api-7b4d9f","module":"cache","msg":"Cache miss: config:site","key":"config:site","hit":false}
{"level":20,"time":1710502023329,"pid":48291,"hostname":"prod-api-7b4d9f","module":"cache","msg":"Cache operation: GET search:results:","latency":1.68}
{"level":30,"time":1710502024221,"pid":48291,"hostname":"prod-api-7b4d9f","module":"http","msg":"GET /api/orders/:id 404","requestId":"da50a8f4-2a7c-474a-a2b3-146af2976489","method":"GET","url":"/api/orders/:id","statusCode":404,"responseTime":627,"userId":"usr_v2w3x4","bytesWritten":44782}
{"level":20,"time":1710502024297,"pid":48291,"hostname":"prod-api-7b4d9f","module":"database","msg":"Query plan: Seq Scan on cart_items","requestId":"f92155d9-8278-413a-9751-b9760ff54cb2","estimatedCost":83.79}
{"level":30,"time":1710502025386,"pid":48291,"hostname":"prod-api-7b4d9f","module":"auth","requestId":"ee7f3a8f-8c47-4135-8601-6046a651e3ac","msg":"User registered","userId":"usr_66a3ec","email":"newuser625@example.com"}
{"level":20,"time":1710502025985,"pid":48291,"hostname":"prod-api-7b4d9f","module":"http","msg":"Request headers parsed","requestId":"d03ee164-005a-48e2-b7f7-b592b0fe3548","headers":{"content-type":"application/json","user-agent":"Mozilla/5.0","accept-encoding":"gzip, deflate"}}
{"level":30,"time":1710502027550,"pid":48291,"hostname":"prod-api-7b4d9f","module":"scheduler","msg":"Cron job completed: warm_cache","task":"warm_cache","duration":3369,"itemsProcessed":845}
{"level":30,"time":1710502030638,"pid":48291,"hostname":"prod-api-7b4d9f","module":"scheduler","msg":"Cron job started: warm_cache","task":"warm_cache"}
{"level":60,"time":1710502031979,"pid":48291,"hostname":"prod-api-7b4d9f","module":"http","msg":"Unhandled exception in request handler","err":{"message":"Cannot read properties of undefined (reading 'id')","stack":"TypeError: Cannot read properties of undefined (reading 'id')\n    at OrderController.getOrder (src/controllers/order.js:47:28)\n    at Layer.handle (node_modules/express/lib/router/layer.js:95:5)"}}
{"level":20,"time":1710502033512,"pid":48291,"hostname":"prod-api-7b4d9f","module":"auth","msg":"Token payload decoded","requestId":"63005d09-69fc-4c04-8d8c-565230db0882","userId":"usr_p6q7r8","exp":1710505633}
{"level":30,"time":1710502037010,"pid":48291,"hostname":"prod-api-7b4d9f","module":"http","msg":"GET /api/categories 200","requestId":"aa91136f-eb86-43cf-835a-2787eddd59b2","method":"GET","url":"/api/categories","statusCode":200,"responseTime":240,"userId":"usr_j0k1l2","bytesWritten":8342}
{"level":30,"time":1710502037632,"pid":48291,"hostname":"prod-api-7b4d9f","module":"http","msg":"GET /api/users/me 200","requestId":"098702b3-73a3-432f-a2a9-5ef6ac96fdea","method":"GET","url":"/api/users/me","statusCode":200,"responseTime":541,"userId":"usr_g7h8i9","bytesWritten":36408}
{"level":30,"time":1710502038360,"pid":48291,"hostname":"prod-api-7b4d9f","module":"scheduler","msg":"Cron job started: generate_daily_report","task":"generate_daily_report"}
{"level":30,"time":1710502041561,"pid":48291,"hostname":"prod-api-7b4d9f","module":"http","msg":"GET /api/inventory/:id 200","requestId":"5f480df8-a239-4a92-b6b6-2da8170fb5d1","method":"GET","url":"/api/inventory/:id","statusCode":200,"responseTime":466,"userId":"usr_d4e5f6","bytesWritten":49600}
{"level":30,"time":1710502043518,"pid":48291,"hostname":"prod-api-7b4d9f","module":"http","msg":"PUT /api/users/me 200","requestId":"eaa34469-cb63-48dd-8c02-40f3fb55bba7","method":"PUT","url":"/api/users/me","statusCode":200,"responseTime":277,"userId":"usr_s9t0u1","bytesWritten":36159}
{"level":10,"time":1710502046110,"pid":48291,"hostname":"prod-api-7b4d9f","module":"scheduler","msg":"Lock acquired for task: cleanup_expired_sessions","lockTTL":30}
{"level":30,"time":1710502046934,"pid":48291,"hostname":"prod-api-7b4d9f","module":"payment","requestId":"e119d4c4-6cf2-4a26-8bb1-4a22f426ce42","msg":"Refund initiated","userId":"usr_a1b2c3","amount":81.14,"currency":"USD","refundId":"ref_9bd67fd1"}
{"level":30,"time":1710502047703,"pid":48291,"hostname":"prod-api-7b4d9f","module":"auth","requestId":"1a67c50b-e315-4888-9573-458e20b2b202","msg":"Password reset requested","email":"user397@example.com"}
{"level":10,"time":1710502049912,"pid":48291,"hostname":"prod-api-7b4d9f","module":"queue","msg":"Message acknowledgment sent","jobId":"b8a10f45-5ec3-4645-a7c8-d67ffa897805","queue":"order.process"}
{"level":30,"time":1710502051651,"pid":48291,"hostname":"prod-api-7b4d9f","module":"database","msg":"Query executed","query":"UPDATE inventory SET stock = stock - $1 WHERE product_id = $2","duration":13,"rowCount":46,"requestId":"02959dd1-b5ed-45f6-bf65-11dd206befae"}
{"level":60,"time":1710502059931,"pid":48291,"hostname":"prod-api-7b4d9f","module":"database","msg":"Database connection pool exhausted - all connections busy","err":{"message":"Connection pool exhausted","stack":"Error: Connection pool exhausted\n    at Pool.acquire (node_modules/pg-pool/index.js:45:11)\n    at Client.connect (node_modules/pg/lib/client.js:82:19)\n    at processTicksAndRejections (internal/process/task_queues.js:95:5)"}}
{"level":40,"time":1710502070204,"pid":48291,"hostname":"prod-api-7b4d9f","msg":"Cache memory usage at 88%","module":"cache","memoryUsedMB":797,"memoryMaxMB":1024}
{"level":20,"time":1710502072931,"pid":48291,"hostname":"prod-api-7b4d9f","module":"auth","msg":"Token payload decoded","requestId":"b31c029d-83f7-44d3-a053-d59fe7c8a374","userId":"usr_j0k1l2","exp":1710505672}
{"level":40,"time":1710502075427,"pid":48291,"hostname":"prod-api-7b4d9f","msg":"Payment retry attempt 2 for order ord_4d7b4ddd","module":"payment","requestId":"aad1378f-a05a-4091-8708-9a2ea1cee596","attempt":2}
{"level":60,"time":1710502088829,"pid":48291,"hostname":"prod-api-7b4d9f","module":"payment","msg":"Payment gateway unreachable - circuit breaker open","err":{"message":"ECONNREFUSED 10.0.3.45:443","stack":"Error: connect ECONNREFUSED 10.0.3.45:443\n    at TCPConnectWrap.afterConnect (net.js:1141:16)\n    at PaymentService.charge (src/services/payment.js:89:13)"}}
{"level":40,"time":1710502096630,"pid":48291,"hostname":"prod-api-7b4d9f","msg":"Task process_refunds running longer than expected: 119s","module":"scheduler","task":"warm_cache","durationSec":69}
{"level":40,"time":1710502123606,"pid":48291,"hostname":"prod-api-7b4d9f","msg":"Slow response: /api/orders took 2122ms","module":"http","requestId":"e67b7b55-a563-41c7-ae3d-76cfe690747f","responseTime":2321}
{"level":40,"time":1710502125022,"pid":48291,"hostname":"prod-api-7b4d9f","msg":"Task cleanup_expired_sessions running longer than expected: 46s","module":"scheduler","task":"send_digest_emails","durationSec":83}
{"level":40,"time":1710502129686,"pid":48291,"hostname":"prod-api-7b4d9f","msg":"Email queue depth exceeding threshold: 161 pending","module":"email","queueDepth":269,"threshold":100}
{"level":20,"time":1710502143687,"pid":48291,"hostname":"prod-api-7b4d9f","module":"email","msg":"SMTP handshake completed","smtpServer":"smtp.sendgrid.net","tlsVersion":"TLSv1.3"}
{"level":40,"time":1710502147262,"pid":48291,"hostname":"prod-api-7b4d9f","msg":"Payment retry attempt 3 for order ord_9dc16aa6","module":"payment","requestId":"4765988f-98f7-4935-842a-6d3db495e4fe","attempt":2}
{"level":20,"time":1710502188808,"pid":48291,"hostname":"prod-api-7b4d9f","module":"cache","msg":"Cache operation: EXPIRE products:list","latency":3.26}
{"level":30,"time":1710502192084,"pid":48291,"hostname":"prod-api-7b4d9f","module":"email","msg":"Email sent: welcome","template":"order_confirmation","recipient":"user119@example.com","deliveryTime":830}
{"level":20,"time":1710502192886,"pid":48291,"hostname":"prod-api-7b4d9f","module":"http","msg":"Request headers parsed","requestId":"46ce89db-0214-4506-892a-3dc99853ce63","headers":{"content-type":"application/json","user-agent":"Mozilla/5.0","accept-encoding":"gzip, deflate"}}
{"level":40,"time":1710502194448,"pid":48291,"hostname":"prod-api-7b4d9f","msg":"Job queue backlog growing: 121 pending jobs","module":"queue","pendingJobs":89}
{"level":20,"time":1710502199612,"pid":48291,"hostname":"prod-api-7b4d9f","module":"queue","msg":"Worker polling: notification.push queue","pendingJobs":6,"activeWorkers":3}
{"level":40,"time":1710502216800,"pid":48291,"hostname":"prod-api-7b4d9f","msg":"Connection pool at 91% capacity (48/50)","module":"database","poolUsed":43,"poolMax":50}
{"level":30,"time":1710502216990,"pid":48291,"hostname":"prod-api-7b4d9f","module":"database","msg":"Query executed","query":"SELECT * FROM orders WHERE user_id = $1 ORDER BY created_at DESC","duration":89,"rowCount":10,"requestId":"cbc6056c-c0dc-4330-bb9c-b23d6a45d5d2"}
{"level":30,"time":1710502219492,"pid":48291,"hostname":"prod-api-7b4d9f","module":"http","msg":"GET /api/orders/:id 200","requestId":"f591ea0d-6f99-41f0-be9a-e22fd37fbb81","method":"GET","url":"/api/orders/:id","statusCode":200,"responseTime":435,"userId":"usr_m3n4o5","bytesWritten":6365}
{"level":30,"time":1710502219660,"pid":48291,"hostname":"prod-api-7b4d9f","module":"http","msg":"GET /api/categories 200","requestId":"95bf2695-5eaa-4f55-9950-9f75e4f0d6da","method":"GET","url":"/api/categories","statusCode":200,"responseTime":789,"userId":"usr_g7h8i9","bytesWritten":1687}
{"level":40,"time":1710502229034,"pid":48291,"hostname":"prod-api-7b4d9f","msg":"Connection pool at 83% capacity (46/50)","module":"database","poolUsed":44,"poolMax":50}
{"level":10,"time":1710502249879,"pid":48291,"hostname":"prod-api-7b4d9f","module":"http","msg":"Middleware chain: [cors, helmet, compression, auth, router]","requestId":"857b9280-4351-4c79-8017-4a4a37efaad4"}
{"level":20,"time":1710502249922,"pid":48291,"hostname":"prod-api-7b4d9f","module":"cache","msg":"Cache operation: DEL products:list","latency":2.68}
{"level":10,"time":1710502255223,"pid":48291,"hostname":"prod-api-7b4d9f","module":"cache","msg":"Redis ping: 0.93ms","server":"10.0.2.15:6379"}
{"level":30,"time":1710502277457,"pid":48291,"hostname":"prod-api-7b4d9f","module":"auth","requestId":"5eec55d5-511c-429d-810a-099354d6d3b8","msg":"User login successful","userId":"usr_a1b2c3","ip":"18.93.56.86"}
{"level":30,"time":1710502299687,"pid":48291,"hostname":"prod-api-7b4d9f","module":"auth","requestId":"9b0a8f51-78e7-4457-bb95-07ebc08f04ad","msg":"User registered","userId":"usr_e98441","email":"newuser893@example.com"}
{"level":30,"time":1710502341346,"pid":48291,"hostname":"prod-api-7b4d9f","module":"payment","requestId":"8426602f-06c9-42aa-a4da-eded6d56b7d7","msg":"Payment processed successfully","userId":"usr_j0k1l2","amount":171.94,"currency":"USD","orderId":"ord_6f38eaea","provider":"stripe"}
{"level":30,"time":1710502342495,"pid":48291,"hostname":"prod-api-7b4d9f","module":"queue","msg":"Job completed: analytics.aggregate","jobType":"analytics.aggregate","jobId":"e604d331-cd7c-4108-a045-04b5ef049aff","duration":2478}
{"level":30,"time":1710502344345,"pid":48291,"hostname":"prod-api-7b4d9f","module":"auth","requestId":"5be9cefb-8d75-4b2b-97dc-25cf83d3eb6e","msg":"Password reset requested","email":"user81@example.com"}
{"level":30,"time":1710502348679,"pid":48291,"hostname":"prod-api-7b4d9f","module":"payment","requestId":"7dd755bf-7875-4fd2-b035-034e2b8bc63b","msg":"Refund initiated","userId":"usr_v2w3x4","amount":121.52,"currency":"USD","refundId":"ref_4336b548"}
{"level":40,"time":1710502354233,"pid":48291,"hostname":"prod-api-7b4d9f","msg":"Task generate_daily_report running longer than expected: 57s","module":"scheduler","task":"generate_daily_report","durationSec":64}
{"level":40,"time":1710502354437,"pid":48291,"hostname":"prod-api-7b4d9f","msg":"Cache memory usage at 85%","module":"cache","memoryUsedMB":938,"memoryMaxMB":1024}
{"level":30,"time":1710502361891,"pid":48291,"hostname":"prod-api-7b4d9f","module":"cache","msg":"Cache hit: cart:","key":"cart:","hit":true,"ttl":2850}
{"level":20,"time":1710502365540,"pid":48291,"hostname":"prod-api-7b4d9f","module":"auth","msg":"Token payload decoded","requestId":"e33e78e1-189a-4bae-bed8-d8dc503da935","userId":"usr_g7h8i9","exp":1710505965}
{"level":30,"time":1710502389990,"pid":48291,"hostname":"prod-api-7b4d9f","module":"cache","msg":"Cache miss: products:list","key":"products:list","hit":false}
{"level":40,"time":1710502392239,"pid":48291,"hostname":"prod-api-7b4d9f","msg":"Slow response: /api/users/me took 3330ms","module":"http","requestId":"533fcf61-80c1-4c61-bc37-f1a859fc1aa4","responseTime":1967}
{"level":20,"time":1710502394491,"pid":48291,"hostname":"prod-api-7b4d9f","module":"queue","msg":"Worker polling: notification.push queue","pendingJobs":8,"activeWorkers":2}
{"level":30,"time":1710502404131,"pid":48291,"hostname":"prod-api-7b4d9f","module":"database","msg":"Query executed","query":"DELETE FROM sessions WHERE expired_at < NOW()","duration":89,"rowCount":22,"requestId":"8e734be1-e4cd-4ffa-9dc4-bdc0d699746d"}
{"level":30,"time":1710502408246,"pid":48291,"hostname":"prod-api-7b4d9f","module":"http","msg":"DELETE /api/cart/:id 404","requestId":"85ea146e-72f4-48dc-9739-9c811a623e35","method":"DELETE","url":"/api/cart/:id","statusCode":404,"responseTime":296,"bytesWritten":8210}
{"level":30,"time":1710502429771,"pid":48291,"hostname":"prod-api-7b4d9f","module":"http","msg":"GET /api/categories 200","requestId":"4a5d4bf3-1ede-437d-a72d-773089717c48","method":"GET","url":"/api/categories","statusCode":200,"responseTime":9,"bytesWritten":37413}
{"level":20,"time":1710502454269,"pid":48291,"hostname":"prod-api-7b4d9f","module":"http","msg":"Request headers parsed","requestId":"89f8b247-3d15-48c6-ac11-b8f980083b49","headers":{"content-type":"application/json","user-agent":"Mozilla/5.0","accept-encoding":"gzip, deflate"}}
{"level":30,"time":1710502474587,"pid":48291,"hostname":"prod-api-7b4d9f","module":"http","msg":"POST /api/webhooks/stripe 400","requestId":"d3c94fdd-735e-4a8b-9de1-cf38ff0f53db","method":"POST","url":"/api/webhooks/stripe","statusCode":400,"responseTime":234,"userId":"usr_j0k1l2","bytesWritten":40216}
{"level":30,"time":1710502484949,"pid":48291,"hostname":"prod-api-7b4d9f","module":"http","msg":"GET /api/users/me 401","requestId":"f3f732fd-f205-40fb-9c13-c6025a8fe983","method":"GET","url":"/api/users/me","statusCode":401,"responseTime":30,"userId":"usr_a1b2c3","bytesWritten":8514}
{"level":10,"time":1710502507652,"pid":48291,"hostname":"prod-api-7b4d9f","module":"database","msg":"Pool stats: idle=16 active=4 waiting=5"}
{"level":50,"time":1710502511726,"pid":48291,"hostname":"prod-api-7b4d9f","msg":"Cron task failed: send_digest_emails","module":"scheduler","task":"sync_inventory","err":{"message":"Task execution error","stack":"Error: Task execution error\n    at CronRunner.execute (src/scheduler/runner.js:45:9)"}}
{"level":20,"time":1710502514130,"pid":48291,"hostname":"prod-api-7b4d9f","module":"queue","msg":"Worker polling: inventory.sync queue","pendingJobs":13,"activeWorkers":3}
{"level":30,"time":1710502526037,"pid":48291,"hostname":"prod-api-7b4d9f","module":"http","msg":"GET /api/search 200","requestId":"39960096-a74f-4b86-9bc6-71b4994f9549","method":"GET","url":"/api/search","statusCode":200,"responseTime":749,"userId":"usr_g7h8i9","bytesWritten":48757}
{"level":20,"time":1710502536827,"pid":48291,"hostname":"prod-api-7b4d9f","module":"payment","msg":"Stripe API call: refunds.create","requestId":"173a7f9a-e382-4913-acf8-bd37b1468fd9","duration":283}
{"level":40,"time":1710502550780,"pid":48291,"hostname":"prod-api-7b4d9f","msg":"Connection pool at 94% capacity (48/50)","module":"database","poolUsed":47,"poolMax":50}
{"level":20,"time":1710502575215,"pid":48291,"hostname":"prod-api-7b4d9f","module":"auth","msg":"Token payload decoded","requestId":"c141bfe7-2a5b-4473-855d-33d1a86f9729","userId":"usr_a1b2c3","exp":1710506175}
{"level":30,"time":1710502592014,"pid":48291,"hostname":"prod-api-7b4d9f","module":"http","msg":"GET /api/users/me 200","requestId":"4984bccd-0508-49a0-8e35-7c9b9bf3ed51","method":"GET","url":"/api/users/me","statusCode":200,"responseTime":269,"userId":"usr_a1b2c3","bytesWritten":9067}
{"level":20,"time":1710502593745,"pid":48291,"hostname":"prod-api-7b4d9f","module":"payment","msg":"Stripe API call: charges.create","requestId":"252898de-d720-41c4-8418-af6eef396b61","duration":671}
{"level":40,"time":1710502596453,"pid":48291,"hostname":"prod-api-7b4d9f","msg":"Connection pool at 90% capacity (43/50)","module":"database","poolUsed":40,"poolMax":50}
{"level":30,"time":1710502603479,"pid":48291,"hostname":"prod-api-7b4d9f","module":"database","msg":"Query executed","query":"INSERT INTO orders (user_id, total, status) VALUES ($1, $2, $3)","duration":193,"rowCount":89,"requestId":"fedc9551-9dc2-4ea6-aba6-7989752590de"}
{"level":30,"time":1710502611256,"pid":48291,"hostname":"prod-api-7b4d9f","module":"auth","requestId":"d4339bce-4b43-4ae6-b29a-372bf3c2997a","msg":"Session created","userId":"usr_v2w3x4","sessionId":"b7595c5d-e9c7-4553-88a6-7e43abb97d09"}
{"level":30,"time":1710502617499,"pid":48291,"hostname":"prod-api-7b4d9f","module":"queue","msg":"Job completed: cache.warm","jobType":"cache.warm","jobId":"8f986924-0be8-43e8-a66f-44a0fe371f66","duration":1053}
{"level":30,"time":1710502626083,"pid":48291,"hostname":"prod-api-7b4d9f","module":"auth","requestId":"4bc33838-dd94-4e8f-b0be-64bf98d3ecfa","msg":"Session created","userId":"usr_j0k1l2","sessionId":"14013d10-bac7-4305-8e6d-c6eef7ee052a"}
{"level":20,"time":1710502628301,"pid":48291,"hostname":"prod-api-7b4d9f","module":"scheduler","msg":"Next run for process_refunds: 2024-03-15T11:58:06.582Z","task":"cleanup_expired_sessions"}
{"level":30,"time":1710502632226,"pid":48291,"hostname":"prod-api-7b4d9f","module":"auth","requestId":"0f3f94d6-1936-4f89-b834-525e76888c87","msg":"Password reset requested","email":"user361@example.com"}
{"level":20,"time":1710502636327,"pid":48291,"hostname":"prod-api-7b4d9f","module":"payment","msg":"Stripe API call: payment_intents.create","requestId":"f96a955e-9440-46cd-92bc-a85fa3eb76c1","duration":493}
{"level":30,"time":1710502637130,"pid":48291,"hostname":"prod-api-7b4d9f","module":"auth","requestId":"08075be8-a84e-4820-aa26-ee1886a66e70","msg":"User registered","userId":"usr_21a71a","email":"newuser863@example.com"}
{"level":40,"time":1710502638131,"pid":48291,"hostname":"prod-api-7b4d9f","msg":"Cache memory usage at 79%","module":"cache","memoryUsedMB":942,"memoryMaxMB":1024}
{"level":30,"time":1710502638997,"pid":48291,"hostname":"prod-api-7b4d9f","module":"http","msg":"GET /api/products/:id 404","requestId":"bcf8c421-533a-45ae-88de-0c5ec5f461fc","method":"GET","url":"/api/products/:id","statusCode":404,"responseTime":528,"userId":"usr_m3n4o5","bytesWritten":12393}
{"level":30,"time":1710502644963,"pid":48291,"hostname":"prod-api-7b4d9f","module":"email","msg":"Email sent: shipping_update","template":"shipping_update","recipient":"user774@example.com","deliveryTime":544}
{"level":30,"time":1710502647092,"pid":48291,"hostname":"prod-api-7b4d9f","module":"queue","msg":"Job enqueued: notification.push","jobType":"notification.push","jobId":"7526ffe1-e17a-4679-a150-c6abfafb731b","priority":"normal"}
{"level":30,"time":1710502653450,"pid":48291,"hostname":"prod-api-7b4d9f","module":"http","msg":"GET /api/inventory/:id 200","requestId":"3c7c4295-f5e6-483e-9c18-d7424ac9c74f","method":"GET","url":"/api/inventory/:id","statusCode":200,"responseTime":763,"userId":"usr_g7h8i9","bytesWritten":45130}
{"level":30,"time":1710502679645,"pid":48291,"hostname":"prod-api-7b4d9f","module":"http","msg":"DELETE /api/cart/:id 204","requestId":"a600a5a8-0186-42d2-b9b5-92381f66fc65","method":"DELETE","url":"/api/cart/:id","statusCode":204,"responseTime":329,"bytesWritten":11601}
{"level":30,"time":1710502686369,"pid":48291,"hostname":"prod-api-7b4d9f","module":"http","msg":"POST /api/payments/charge 200","requestId":"c39399fe-a89e-4a6e-806b-30452d56bea9","method":"POST","url":"/api/payments/charge","statusCode":200,"responseTime":622,"userId":"usr_v2w3x4","bytesWritten":49289}
{"level":30,"time":1710502690668,"pid":48291,"hostname":"prod-api-7b4d9f","module":"scheduler","msg":"Cron job completed: generate_daily_report","task":"generate_daily_report","duration":1141,"itemsProcessed":55}
{"level":30,"time":1710502692175,"pid":48291,"hostname":"prod-api-7b4d9f","module":"http","msg":"POST /api/auth/register 400","requestId":"96fa3ff3-dacf-4bb7-b23d-4f8ada71e2bc","method":"POST","url":"/api/auth/register","statusCode":400,"responseTime":114,"bytesWritten":42233}
{"level":30,"time":1710502701214,"pid":48291,"hostname":"prod-api-7b4d9f","module":"http","msg":"PUT /api/users/me 400","requestId":"bb80a15f-1307-45a4-b74a-bf5347fdf256","method":"PUT","url":"/api/users/me","statusCode":400,"responseTime":754,"bytesWritten":7315}
{"level":30,"time":1710502716932,"pid":48291,"hostname":"prod-api-7b4d9f","module":"database","msg":"Query executed","query":"SELECT * FROM users WHERE email = $1","duration":23,"rowCount":66,"requestId":"4799476b-37cf-4bdf-b884-594fa49ad86c"}
{"level":50,"time":1710502720021,"pid":48291,"hostname":"prod-api-7b4d9f","msg":"Redis connection error: ECONNRESET","module":"cache","err":{"message":"ECONNRESET","stack":"Error: read ECONNRESET\n    at TCP.onStreamRead (internal/stream_base_commons.js:209:20)"}}
{"level":30,"time":1710502738124,"pid":48291,"hostname":"prod-api-7b4d9f","module":"http","msg":"GET /api/products 304","requestId":"b65ba193-8580-4d3b-a99b-e34142b5c849","method":"GET","url":"/api/products","statusCode":304,"responseTime":477,"bytesWritten":2973}
{"level":40,"time":1710502738216,"pid":48291,"hostname":"prod-api-7b4d9f","msg":"Connection pool at 95% capacity (42/50)","module":"database","poolUsed":44,"poolMax":50}
{"level":50,"time":1710502745476,"pid":48291,"hostname":"prod-api-7b4d9f","msg":"Payment declined: insufficient funds","module":"payment","requestId":"bfb8ee60-c190-4c9c-992c-2947a4727e46","userId":"usr_a1b2c3","amount":226.33,"currency":"USD"}
{"level":30,"time":1710502745946,"pid":48291,"hostname":"prod-api-7b4d9f","module":"http","msg":"GET /api/products/:id 500","requestId":"1c50a4d7-6b94-4b52-a0e0-f3dd86dc5219","method":"GET","url":"/api/products/:id","statusCode":500,"responseTime":777,"userId":"usr_s9t0u1","bytesWritten":44055}
{"level":20,"time":1710502762680,"pid":48291,"hostname":"prod-api-7b4d9f","module":"auth","msg":"Token payload decoded","requestId":"1d7b47de-4bb2-417d-ba91-009fb4d285ca","userId":"usr_s9t0u1","exp":1710506362}
{"level":10,"time":1710502773268,"pid":48291,"hostname":"prod-api-7b4d9f","module":"scheduler","msg":"Lock acquired for task: sync_inventory","lockTTL":30}
{"level":30,"time":1710502783237,"pid":48291,"hostname":"prod-api-7b4d9f","module":"queue","msg":"Job enqueued: analytics.aggregate","jobType":"analytics.aggregate","jobId":"d15cba29-a129-41af-a728-aaba611d0b18","priority":"normal"}
{"level":30,"time":1710502797393,"pid":48291,"hostname":"prod-api-7b4d9f","module":"http","msg":"GET /api/orders/:id 200","requestId":"f84e7a8b-6c13-45f8-9424-e59f40684fce","method":"GET","url":"/api/orders/:id","statusCode":200,"responseTime":238,"bytesWritten":38032}
{"level":30,"time":1710502799148,"pid":48291,"hostname":"prod-api-7b4d9f","module":"payment","requestId":"06616afe-5c89-4af7-8ed8-86334cf34418","msg":"Refund initiated","userId":"usr_m3n4o5","amount":26.53,"currency":"USD","refundId":"ref_3948e3f4"}
{"level":30,"time":1710502804818,"pid":48291,"hostname":"prod-api-7b4d9f","module":"auth","requestId":"64397992-cf4e-4108-bf51-d1d49d7ed927","msg":"Session created","userId":"usr_d4e5f6","sessionId":"5fef7dc3-8198-461b-9630-afb36c0d6643"}
{"level":50,"time":1710502812653,"pid":48291,"hostname":"prod-api-7b4d9f","msg":"Email delivery failed: mailbox full","module":"email","template":"password_reset","recipient":"user654@example.com","err":{"message":"Mailbox full","stack":"Error: Mailbox full\n    at SMTPTransport.send (node_modules/nodemailer/lib/smtp-transport/index.js:287:19)"}}
{"level":30,"time":1710502814065,"pid":48291,"hostname":"prod-api-7b4d9f","module":"http","msg":"PUT /api/users/me 400","requestId":"1b19a281-c132-4306-9bb4-337d49f1b310","method":"PUT","url":"/api/users/me","statusCode":400,"responseTime":237,"userId":"usr_s9t0u1","bytesWritten":2512}
{"level":30,"time":1710502815255,"pid":48291,"hostname":"prod-api-7b4d9f","module":"database","msg":"Query executed","query":"SELECT * FROM users WHERE email = $1","duration":20,"rowCount":41,"requestId":"32cc4f8d-12dd-441d-b27b-83a13b481fab"}
{"level":30,"time":1710502830003,"pid":48291,"hostname":"prod-api-7b4d9f","module":"scheduler","msg":"Cron job started: cleanup_expired_sessions","task":"cleanup_expired_sessions"}
{"level":30,"time":1710502837991,"pid":48291,"hostname":"prod-api-7b4d9f","module":"http","msg":"GET /api/products/:id 200","requestId":"8b39fcc7-dbef-4ceb-ad7d-2d584cda35cf","method":"GET","url":"/api/products/:id","statusCode":200,"responseTime":427,"bytesWritten":1306}
{"level":50,"time":1710502844256,"pid":48291,"hostname":"prod-api-7b4d9f","msg":"Job failed after 5 retries: notification.push","module":"queue","jobType":"report.generate","jobId":"81fe60f1-0056-4bc7-9477-1639ccec568f","retries":2,"err":{"message":"Max retries exceeded","stack":"Error: Max retries exceeded\n    at Worker.processJob (src/queue/worker.js:78:11)"}}
{"level":20,"time":1710502872516,"pid":48291,"hostname":"prod-api-7b4d9f","module":"payment","msg":"Stripe API call: payment_intents.create","requestId":"8ba23114-a434-4d56-828e-cb00d4539fba","duration":153}
{"level":20,"time":1710502875229,"pid":48291,"hostname":"prod-api-7b4d9f","module":"queue","msg":"Worker polling: notification.push queue","pendingJobs":1,"activeWorkers":3}
{"level":20,"time":1710502875861,"pid":48291,"hostname":"prod-api-7b4d9f","module":"email","msg":"SMTP handshake completed","smtpServer":"smtp.sendgrid.net","tlsVersion":"TLSv1.3"}
{"level":20,"time":1710502877654,"pid":48291,"hostname":"prod-api-7b4d9f","module":"auth","msg":"Token payload decoded","requestId":"a276deb3-d51c-4580-aedb-7826d2948b3e","userId":"usr_p6q7r8","exp":1710506477}
{"level":20,"time":1710502882378,"pid":48291,"hostname":"prod-api-7b4d9f","module":"auth","msg":"Token payload decoded","requestId":"d210618f-3ba0-47b1-8d6f-5c6231a7daba","userId":"usr_p6q7r8","exp":1710506482}
{"level":20,"time":1710502887060,"pid":48291,"hostname":"prod-api-7b4d9f","module":"queue","msg":"Worker polling: inventory.sync queue","pendingJobs":17,"activeWorkers":1}
{"level":30,"time":1710502890318,"pid":48291,"hostname":"prod-api-7b4d9f","module":"database","msg":"Query executed","query":"UPDATE inventory SET stock = stock - $1 WHERE product_id = $2","duration":49,"rowCount":23,"requestId":"b9cd4d7e-98e4-4a39-be52-4e1a0fbf58ee"}
{"level":30,"time":1710502890890,"pid":48291,"hostname":"prod-api-7b4d9f","module":"database","msg":"Query executed","query":"DELETE FROM sessions WHERE expired_at < NOW()","duration":167,"rowCount":16,"requestId":"786c8fdb-6ec6-4eda-807a-aed694555186"}
{"level":20,"time":1710502899704,"pid":48291,"hostname":"prod-api-7b4d9f","module":"queue","msg":"Worker polling: cleanup.sessions queue","pendingJobs":5,"activeWorkers":4}
{"level":20,"time":1710502905526,"pid":48291,"hostname":"prod-api-7b4d9f","module":"http","msg":"Request headers parsed","requestId":"0abb0b02-e13a-431a-a71f-4b60c9a7543a","headers":{"content-type":"application/json","user-agent":"Mozilla/5.0","accept-encoding":"gzip, deflate"}}
{"level":20,"time":1710502914457,"pid":48291,"hostname":"prod-api-7b4d9f","module":"cache","msg":"Cache operation: GET categories:all","latency":2.85}
{"level":30,"time":1710502935496,"pid":48291,"hostname":"prod-api-7b4d9f","module":"queue","msg":"Job completed: order.process","jobType":"order.process","jobId":"5cd24893-e4d3-47ab-a8fe-a47d6088d4cd","duration":1590}
{"level":20,"time":1710502951851,"pid":48291,"hostname":"prod-api-7b4d9f","module":"http","msg":"Request headers parsed","requestId":"a86c4b47-162c-45d5-92a0-289db619f8f8","headers":{"content-type":"application/json","user-agent":"Mozilla/5.0","accept-encoding":"gzip, deflate"}}
{"level":30,"time":1710502958261,"pid":48291,"hostname":"prod-api-7b4d9f","module":"http","msg":"GET /api/products 200","requestId":"e7ddf579-d2b3-48d6-b7c9-702cd386a5de","method":"GET","url":"/api/products","statusCode":200,"responseTime":766,"bytesWritten":9140}
{"level":20,"time":1710502962638,"pid":48291,"hostname":"prod-api-7b4d9f","module":"email","msg":"SMTP handshake completed","smtpServer":"smtp.sendgrid.net","tlsVersion":"TLSv1.3"}
{"level":30,"time":1710502963911,"pid":48291,"hostname":"prod-api-7b4d9f","module":"auth","requestId":"ec11b901-8ebb-40df-9460-b9259142d8d0","msg":"User registered","userId":"usr_e4a42d","email":"newuser246@example.com"}
{"level":30,"time":1710502965675,"pid":48291,"hostname":"prod-api-7b4d9f","module":"http","msg":"POST /api/auth/register 400","requestId":"d56a5201-4eac-4ce5-9e78-9ef06facbc3a","method":"POST","url":"/api/auth/register","statusCode":400,"responseTime":452,"userId":"usr_s9t0u1","bytesWritten":13992}
{"level":20,"time":1710502966360,"pid":48291,"hostname":"prod-api-7b4d9f","module":"http","msg":"Request headers parsed","requestId":"d0736686-442d-4616-8e5d-521f4ca2791f","headers":{"content-type":"application/json","user-agent":"Mozilla/5.0","accept-encoding":"gzip, deflate"}}
{"level":20,"time":1710502975387,"pid":48291,"hostname":"prod-api-7b4d9f","module":"queue","msg":"Worker polling: order.process queue","pendingJobs":14,"activeWorkers":5}
{"level":30,"time":1710502982423,"pid":48291,"hostname":"prod-api-7b4d9f","module":"http","msg":"PUT /api/users/me 200","requestId":"f9446437-73d6-41a9-943a-1c9e28a99825","method":"PUT","url":"/api/users/me","statusCode":200,"responseTime":9,"userId":"usr_m3n4o5","bytesWritten":176}
{"level":20,"time":1710502987079,"pid":48291,"hostname":"prod-api-7b4d9f","module":"auth","msg":"Token payload decoded","requestId":"9d1fc97f-5bb5-4810-b2c8-c1fd14956c8f","userId":"usr_d4e5f6","exp":1710506587}
{"level":20,"time":1710502990192,"pid":48291,"hostname":"prod-api-7b4d9f","module":"cache","msg":"Cache operation: DEL products:list","latency":3.09}
{"level":30,"time":1710503000274,"pid":48291,"hostname":"prod-api-7b4d9f","module":"payment","requestId":"87e5cfde-7a5c-4d93-978a-32c6b8417ed9","msg":"Refund initiated","userId":"usr_p6q7r8","amount":135.14,"currency":"USD","refundId":"ref_23019c63"}
{"level":30,"time":1710503005416,"pid":48291,"hostname":"prod-api-7b4d9f","module":"email","msg":"Email sent: order_confirmation","template":"promotional","recipient":"user242@example.com","deliveryTime":1465}
{"level":30,"time":1710503006879,"pid":48291,"hostname":"prod-api-7b4d9f","module":"database","msg":"Query executed","query":"UPDATE inventory SET stock = stock - $1 WHERE product_id = $2","duration":183,"rowCount":22,"requestId":"13c91e73-9652-4e01-b6f4-028c332f8a72"}
{"level":30,"time":1710503010180,"pid":48291,"hostname":"prod-api-7b4d9f","module":"auth","requestId":"f32e0591-abd7-4543-9307-b23ed26ead9b","msg":"Password reset requested","email":"user163@example.com"}
{"level":20,"time":1710503012422,"pid":48291,"hostname":"prod-api-7b4d9f","module":"http","msg":"Request headers parsed","requestId":"504b95cb-fc1f-4f15-9198-4f18a4f67caa","headers":{"content-type":"application/json","user-agent":"Mozilla/5.0","accept-encoding":"gzip, deflate"}}
{"level":30,"time":1710503024307,"pid":48291,"hostname":"prod-api-7b4d9f","module":"http","msg":"GET /api/products/:id 200","requestId":"ecb7e8db-09ee-4ea6-bc81-846f0019a703","method":"GET","url":"/api/products/:id","statusCode":200,"responseTime":155,"userId":"usr_m3n4o5","bytesWritten":40035}
{"level":50,"time":1710503035978,"pid":48291,"hostname":"prod-api-7b4d9f","msg":"Payment declined: insufficient funds","module":"payment","requestId":"f0c3388c-7879-41ab-bd7f-6eb92141e294","userId":"usr_p6q7r8","amount":400.71,"currency":"USD"}
{"level":30,"time":1710503036023,"pid":48291,"hostname":"prod-api-7b4d9f","module":"http","msg":"GET /api/categories 200","requestId":"d2911ff8-61b4-40e0-9668-6ccfbea43a92","method":"GET","url":"/api/categories","statusCode":200,"responseTime":446,"userId":"usr_m3n4o5","bytesWritten":34887}
{"level":20,"time":1710503042034,"pid":48291,"hostname":"prod-api-7b4d9f","module":"cache","msg":"Cache operation: EXPIRE inventory:","latency":3.2}
{"level":30,"time":1710503044185,"pid":48291,"hostname":"prod-api-7b4d9f","module":"cache","msg":"Cache hit: cart:0bca3786","key":"cart:0bca3786","hit":true,"ttl":583}
{"level":30,"time":1710503049501,"pid":48291,"hostname":"prod-api-7b4d9f","module":"http","msg":"GET /api/search 200","requestId":"57a585e9-c90f-463d-aed1-70640c89b332","method":"GET","url":"/api/search","statusCode":200,"responseTime":755,"userId":"usr_v2w3x4","bytesWritten":16558}
{"level":20,"time":1710503064672,"pid":48291,"hostname":"prod-api-7b4d9f","module":"email","msg":"SMTP handshake completed","smtpServer":"smtp.sendgrid.net","tlsVersion":"TLSv1.3"}
{"level":20,"time":1710503073686,"pid":48291,"hostname":"prod-api-7b4d9f","module":"cache","msg":"Cache operation: SET cart:","latency":3.71}
{"level":30,"time":1710503084151,"pid":48291,"hostname":"prod-api-7b4d9f","module":"cache","msg":"Cache hit: config:site78192402","key":"config:site78192402","hit":true,"ttl":1953}
{"level":20,"time":1710503085854,"pid":48291,"hostname":"prod-api-7b4d9f","module":"cache","msg":"Cache operation: GET inventory:","latency":3.53}
{"level":30,"time":1710503093549,"pid":48291,"hostname":"prod-api-7b4d9f","module":"http","msg":"POST /api/webhooks/stripe 200","requestId":"47d52274-cf86-42ba-b655-ecf1d583de01","method":"POST","url":"/api/webhooks/stripe","statusCode":200,"responseTime":91,"bytesWritten":42078}
{"level":30,"time":1710503100349,"pid":48291,"hostname":"prod-api-7b4d9f","module":"http","msg":"GET /api/inventory/:id 200","requestId":"da9338ac-e902-4ebe-920f-1c7725ad1c96","method":"GET","url":"/api/inventory/:id","statusCode":200,"responseTime":565,"userId":"usr_g7h8i9","bytesWritten":34200}
{"level":30,"time":1710503122574,"pid":48291,"hostname":"prod-api-7b4d9f","module":"http","msg":"POST /api/payments/charge 200","requestId":"16c6cade-bf4d-4185-b2e0-a0948fae4f89","method":"POST","url":"/api/payments/charge","statusCode":200,"responseTime":639,"userId":"usr_d4e5f6","bytesWritten":11326}
{"level":30,"time":1710503157301,"pid":48291,"hostname":"prod-api-7b4d9f","module":"http","msg":"GET /api/categories 200","requestId":"b16e3844-7070-433e-b691-fdcc8ddec7f6","method":"GET","url":"/api/categories","statusCode":200,"responseTime":598,"userId":"usr_d4e5f6","bytesWritten":48471}
{"level":10,"time":1710503172092,"pid":48291,"hostname":"prod-api-7b4d9f","module":"database","msg":"Pool stats: idle=8 active=3 waiting=0"}
{"level":20,"time":1710503188190,"pid":48291,"hostname":"prod-api-7b4d9f","module":"scheduler","msg":"Next run for process_refunds: 2024-03-15T12:22:59.684Z","task":"sync_inventory"}
{"level":30,"time":1710503190250,"pid":48291,"hostname":"prod-api-7b4d9f","module":"payment","requestId":"e4207104-5196-427b-8108-da1aec644c43","msg":"Payment processed successfully","userId":"usr_v2w3x4","amount":278.76,"currency":"USD","orderId":"ord_885f1e7c","provider":"stripe"}
{"level":40,"time":1710503192234,"pid":48291,"hostname":"prod-api-7b4d9f","msg":"Cache memory usage at 85%","module":"cache","memoryUsedMB":856,"memoryMaxMB":1024}
{"level":30,"time":1710503200069,"pid":48291,"hostname":"prod-api-7b4d9f","module":"http","msg":"GET /api/orders/:id 404","requestId":"984f3112-46b3-479d-8a67-ad2bf92f48a9","method":"GET","url":"/api/orders/:id","statusCode":404,"responseTime":398,"userId":"usr_d4e5f6","bytesWritten":20486}
{"level":30,"time":1710503202142,"pid":48291,"hostname":"prod-api-7b4d9f","module":"auth","requestId":"32ed7074-5135-40e8-a036-b4c1c55b27d6","msg":"User login successful","userId":"usr_d4e5f6","ip":"158.83.104.37"}
{"level":30,"time":1710503206727,"pid":48291,"hostname":"prod-api-7b4d9f","module":"auth","requestId":"ea0d1b00-00df-42fd-89fe-0f7fca8a52a1","msg":"Session created","userId":"usr_j0k1l2","sessionId":"7e16cc5f-5bc5-46bd-aba4-915c88d4e525"}
{"level":30,"time":1710503213595,"pid":48291,"hostname":"prod-api-7b4d9f","module":"http","msg":"GET /api/users/me 200","requestId":"7b60ec9e-1b77-4859-ab21-c6cef271f61d","method":"GET","url":"/api/users/me","statusCode":200,"responseTime":612,"bytesWritten":15396}
{"level":20,"time":1710503215814,"pid":48291,"hostname":"prod-api-7b4d9f","module":"queue","msg":"Worker polling: cache.warm queue","pendingJobs":12,"activeWorkers":3}
{"level":30,"time":1710503218964,"pid":48291,"hostname":"prod-api-7b4d9f","module":"database","msg":"Query executed","query":"UPDATE inventory SET stock = stock - $1 WHERE product_id = $2","duration":78,"rowCount":14,"requestId":"19ea89e5-9d48-455d-8458-389003fde665"}
{"level":20,"time":1710503235231,"pid":48291,"hostname":"prod-api-7b4d9f","module":"scheduler","msg":"Next run for send_digest_emails: 2024-03-15T12:02:11.906Z","task":"process_refunds"}
{"level":50,"time":1710503238503,"pid":48291,"hostname":"prod-api-7b4d9f","msg":"GET /api/health 500 - Internal Server Error","module":"http","requestId":"012ffb03-8487-46a2-9c61-99e3e302b072","method":"GET","url":"/api/health","statusCode":500,"responseTime":2891,"err":{"message":"Unexpected error processing request","stack":"Error: Unexpected error processing request\n    at RequestHandler.process (src/middleware/handler.js:112:15)"}}
{"level":40,"time":1710503251413,"pid":48291,"hostname":"prod-api-7b4d9f","msg":"Email queue depth exceeding threshold: 174 pending","module":"email","queueDepth":199,"threshold":100}
{"level":30,"time":1710503252923,"pid":48291,"hostname":"prod-api-7b4d9f","module":"http","msg":"POST /api/orders 400","requestId":"bd643de9-c216-491f-86d7-13cab40158ac","method":"POST","url":"/api/orders","statusCode":400,"responseTime":743,"userId":"usr_d4e5f6","bytesWritten":7602}
{"level":30,"time":1710503265734,"pid":48291,"hostname":"prod-api-7b4d9f","module":"auth","requestId":"b6d0f1dc-d8ed-431c-9193-d5f52680d29e","msg":"User registered","userId":"usr_a78476","email":"newuser517@example.com"}
{"level":20,"time":1710503306125,"pid":48291,"hostname":"prod-api-7b4d9f","module":"http","msg":"Request headers parsed","requestId":"a2b8e6e6-4ef4-4177-833c-d037d880e7a0","headers":{"content-type":"application/json","user-agent":"Mozilla/5.0","accept-encoding":"gzip, deflate"}}
{"level":30,"time":1710503326098,"pid":48291,"hostname":"prod-api-7b4d9f","module":"email","msg":"Email sent: receipt","template":"order_confirmation","recipient":"user422@example.com","deliveryTime":1631}
{"level":20,"time":1710503326345,"pid":48291,"hostname":"prod-api-7b4d9f","module":"auth","msg":"Token payload decoded","requestId":"61557355-cebc-42ea-98a3-b52ae946af4e","userId":"usr_p6q7r8","exp":1710506926}
{"level":20,"time":1710503326400,"pid":48291,"hostname":"prod-api-7b4d9f","module":"queue","msg":"Worker polling: order.process queue","pendingJobs":9,"activeWorkers":5}
{"level":30,"time":1710503328894,"pid":48291,"hostname":"prod-api-7b4d9f","module":"queue","msg":"Job completed: cache.warm","jobType":"cache.warm","jobId":"4f4f13fa-198a-4ab5-92ce-290d02b54da8","duration":2146}
{"level":40,"time":1710503335493,"pid":48291,"hostname":"prod-api-7b4d9f","msg":"Cache memory usage at 84%","module":"cache","memoryUsedMB":840,"memoryMaxMB":1024}
{"level":30,"time":1710503339456,"pid":48291,"hostname":"prod-api-7b4d9f","module":"database","msg":"Query executed","query":"UPDATE inventory SET stock = stock - $1 WHERE product_id = $2","duration":56,"rowCount":39,"requestId":"9dd44be9-26ef-4fef-8e37-e1f7b67c2293"}
{"level":30,"time":1710503359027,"pid":48291,"hostname":"prod-api-7b4d9f","module":"http","msg":"GET /api/products 200","requestId":"8f314be5-7cee-457d-b548-bc306e09845e","method":"GET","url":"/api/products","statusCode":200,"responseTime":262,"userId":"usr_s9t0u1","bytesWritten":10457}
{"level":60,"time":1710503366792,"pid":48291,"hostname":"prod-api-7b4d9f","module":"database","msg":"Database connection pool exhausted - all connections busy","err":{"message":"Connection pool exhausted","stack":"Error: Connection pool exhausted\n    at Pool.acquire (node_modules/pg-pool/index.js:45:11)\n    at Client.connect (node_modules/pg/lib/client.js:82:19)\n    at processTicksAndRejections (internal/process/task_queues.js:95:5)"}}
{"level":30,"time":1710503369585,"pid":48291,"hostname":"prod-api-7b4d9f","module":"auth","requestId":"776884bf-58d5-4193-897a-2ab929495226","msg":"User login successful","userId":"usr_a1b2c3","ip":"120.233.124.147"}
{"level":50,"time":1710503372467,"pid":48291,"hostname":"prod-api-7b4d9f","msg":"Query timeout after 14279ms","module":"database","requestId":"c127c769-3e35-4a3f-b2df-43915775cbe8","query":"SELECT * FROM orders WHERE user_id = $1 ORDER BY created_at DESC","duration":27082,"err":{"message":"Query read timeout","stack":"Error: Query read timeout\n    at Connection.parseE (node_modules/pg/lib/connection.js:614:13)"}}
{"level":40,"time":1710503376395,"pid":48291,"hostname":"prod-api-7b4d9f","msg":"Rate limit approaching for IP 92.137.76.182","module":"auth","requestId":"8d7752fa-9f3f-493f-8050-9672f0ee9924","currentRate":85,"limit":100}
{"level":30,"time":1710503387083,"pid":48291,"hostname":"prod-api-7b4d9f","module":"cache","msg":"Cache miss: products:featured","key":"products:featured","hit":false}
{"level":30,"time":1710503387657,"pid":48291,"hostname":"prod-api-7b4d9f","module":"http","msg":"PUT /api/users/me 200","requestId":"92e7a045-fb21-4121-a833-78a646b0ac53","method":"PUT","url":"/api/users/me","statusCode":200,"responseTime":777,"userId":"usr_m3n4o5","bytesWritten":29092}
{"level":30,"time":1710503388475,"pid":48291,"hostname":"prod-api-7b4d9f","module":"cache","msg":"Cache miss: search:results:4c2fb98b","key":"search:results:4c2fb98b","hit":false}
{"level":20,"time":1710503392096,"pid":48291,"hostname":"prod-api-7b4d9f","module":"email","msg":"SMTP handshake completed","smtpServer":"smtp.sendgrid.net","tlsVersion":"TLSv1.3"}
{"level":30,"time":1710503399037,"pid":48291,"hostname":"prod-api-7b4d9f","module":"scheduler","msg":"Cron job started: cleanup_expired_sessions","task":"cleanup_expired_sessions"}
{"level":30,"time":1710503406419,"pid":48291,"hostname":"prod-api-7b4d9f","module":"http","msg":"POST /api/auth/refresh 401","requestId":"4813cee2-90fd-4f12-a384-7fd65a039683","method":"POST","url":"/api/auth/refresh","statusCode":401,"responseTime":702,"userId":"usr_m3n4o5","bytesWritten":24762}
{"level":30,"time":1710503409812,"pid":48291,"hostname":"prod-api-7b4d9f","module":"http","msg":"DELETE /api/cart/:id 404","requestId":"7fb9d54e-53a5-4bd0-aabb-41e90960eb3f","method":"DELETE","url":"/api/cart/:id","statusCode":404,"responseTime":418,"userId":"usr_a1b2c3","bytesWritten":48237}
{"level":30,"time":1710503420479,"pid":48291,"hostname":"prod-api-7b4d9f","module":"http","msg":"GET /api/orders/:id 200","requestId":"e76de905-8ed4-40b8-b9b5-f24a88a24879","method":"GET","url":"/api/orders/:id","statusCode":200,"responseTime":327,"userId":"usr_s9t0u1","bytesWritten":2292}
{"level":30,"time":1710503428062,"pid":48291,"hostname":"prod-api-7b4d9f","module":"http","msg":"POST /api/orders 500","requestId":"88ec321e-29a9-4af2-a59a-b4f6f110eab2","method":"POST","url":"/api/orders","statusCode":500,"responseTime":246,"userId":"usr_j0k1l2","bytesWritten":20017}
{"level":20,"time":1710503458295,"pid":48291,"hostname":"prod-api-7b4d9f","module":"queue","msg":"Worker polling: email.send queue","pendingJobs":7,"activeWorkers":4}
{"level":10,"time":1710503464903,"pid":48291,"hostname":"prod-api-7b4d9f","module":"payment","msg":"Webhook signature verification","webhookId":"wh_208daaa8"}
{"level":30,"time":1710503471051,"pid":48291,"hostname":"prod-api-7b4d9f","module":"email","msg":"Email sent: password_reset","template":"welcome","recipient":"user247@example.com","deliveryTime":453}
{"level":40,"time":1710503477840,"pid":48291,"hostname":"prod-api-7b4d9f","msg":"Job queue backlog growing: 102 pending jobs","module":"queue","pendingJobs":117}
{"level":60,"time":1710503495703,"pid":48291,"hostname":"prod-api-7b4d9f","module":"payment","msg":"Payment gateway unreachable - circuit breaker open","err":{"message":"ECONNREFUSED 10.0.3.45:443","stack":"Error: connect ECONNREFUSED 10.0.3.45:443\n    at TCPConnectWrap.afterConnect (net.js:1141:16)\n    at PaymentService.charge (src/services/payment.js:89:13)"}}
{"level":10,"time":1710503500328,"pid":48291,"hostname":"prod-api-7b4d9f","module":"cache","msg":"Redis ping: 0.49ms","server":"10.0.2.15:6379"}
{"level":10,"time":1710503501439,"pid":48291,"hostname":"prod-api-7b4d9f","module":"payment","msg":"Webhook signature verification","webhookId":"wh_b3f5d89b"}
{"level":10,"time":1710503515078,"pid":48291,"hostname":"prod-api-7b4d9f","module":"queue","msg":"Message acknowledgment sent","jobId":"2918b22f-fd57-4274-96dc-6f8446342dcc","queue":"cleanup.sessions"}
{"level":20,"time":1710503522196,"pid":48291,"hostname":"prod-api-7b4d9f","module":"queue","msg":"Worker polling: inventory.sync queue","pendingJobs":9,"activeWorkers":1}
{"level":10,"time":1710503547198,"pid":48291,"hostname":"prod-api-7b4d9f","module":"scheduler","msg":"Lock acquired for task: sync_inventory","lockTTL":30}
{"level":50,"time":1710503556154,"pid":48291,"hostname":"prod-api-7b4d9f","msg":"Cron task failed: sync_inventory","module":"scheduler","task":"sync_inventory","err":{"message":"Task execution error","stack":"Error: Task execution error\n    at CronRunner.execute (src/scheduler/runner.js:45:9)"}}
{"level":10,"time":1710503561764,"pid":48291,"hostname":"prod-api-7b4d9f","module":"email","msg":"Template rendering: order_confirmation","renderTime":14.03}
{"level":30,"time":1710503567776,"pid":48291,"hostname":"prod-api-7b4d9f","module":"http","msg":"POST /api/auth/register 400","requestId":"437badcf-c3a1-4a23-b080-c4d729992752","method":"POST","url":"/api/auth/register","statusCode":400,"responseTime":335,"bytesWritten":13782}
{"level":50,"time":1710503570301,"pid":48291,"hostname":"prod-api-7b4d9f","msg":"GET /api/products 500 - Internal Server Error","module":"http","requestId":"e1571051-795a-45f2-be07-2d80a80ee99f","method":"GET","url":"/api/products","statusCode":500,"responseTime":3339,"err":{"message":"Unexpected error processing request","stack":"Error: Unexpected error processing request\n    at RequestHandler.process (src/middleware/handler.js:112:15)"}}
{"level":40,"time":1710503591899,"pid":48291,"hostname":"prod-api-7b4d9f","msg":"Slow response: /api/orders/:id took 1779ms","module":"http","requestId":"e04b20a7-80a9-42b1-9630-1f538f149982","responseTime":2299}
{"level":30,"time":1710503609095,"pid":48291,"hostname":"prod-api-7b4d9f","module":"http","msg":"POST /api/webhooks/stripe 400","requestId":"cd8f665e-885f-404d-9cf8-45948c22663b","method":"POST","url":"/api/webhooks/stripe","statusCode":400,"responseTime":728,"userId":"usr_p6q7r8","bytesWritten":13583}
{"level":30,"time":1710503642125,"pid":48291,"hostname":"prod-api-7b4d9f","module":"cache","msg":"Cache miss: cart:","key":"cart:","hit":false}
{"level":10,"time":1710503646564,"pid":48291,"hostname":"prod-api-7b4d9f","module":"cache","msg":"Redis ping: 0.39ms","server":"10.0.2.15:6379"}
{"level":20,"time":1710503670498,"pid":48291,"hostname":"prod-api-7b4d9f","module":"email","msg":"SMTP handshake completed","smtpServer":"smtp.sendgrid.net","tlsVersion":"TLSv1.3"}
{"level":40,"time":1710503680275,"pid":48291,"hostname":"prod-api-7b4d9f","msg":"Connection pool at 90% capacity (41/50)","module":"database","poolUsed":42,"poolMax":50}
{"level":30,"time":1710503687109,"pid":48291,"hostname":"prod-api-7b4d9f","module":"email","msg":"Email sent: password_reset","template":"order_confirmation","recipient":"user505@example.com","deliveryTime":1224}
{"level":10,"time":1710503689777,"pid":48291,"hostname":"prod-api-7b4d9f","module":"database","msg":"Pool stats: idle=19 active=24 waiting=5"}
{"level":30,"time":1710503702859,"pid":48291,"hostname":"prod-api-7b4d9f","module":"http","msg":"GET /api/products/:id 404","requestId":"9797dc0f-47b1-4827-88de-e129d7c2abe8","method":"GET","url":"/api/products/:id","statusCode":404,"responseTime":180,"userId":"usr_m3n4o5","bytesWritten":45591}
{"level":30,"time":1710503712152,"pid":48291,"hostname":"prod-api-7b4d9f","module":"cache","msg":"Cache hit: user:profile:","key":"user:profile:","hit":true,"ttl":2465}
{"level":20,"time":1710503717869,"pid":48291,"hostname":"prod-api-7b4d9f","module":"cache","msg":"Cache operation: DEL categories:all","latency":2.71}
{"level":20,"time":1710503717945,"pid":48291,"hostname":"prod-api-7b4d9f","module":"cache","msg":"Cache operation: DEL config:site","latency":4.79}
{"level":10,"time":1710503719788,"pid":48291,"hostname":"prod-api-7b4d9f","module":"queue","msg":"Message acknowledgment sent","jobId":"2295b4d8-d02f-44c7-bac0-ac7e71f5b8bf","queue":"cleanup.sessions"}
{"level":30,"time":1710503723713,"pid":48291,"hostname":"prod-api-7b4d9f","module":"scheduler","msg":"Cron job started: process_refunds","task":"process_refunds"}
{"level":30,"time":1710503749047,"pid":48291,"hostname":"prod-api-7b4d9f","module":"http","msg":"GET /api/inventory/:id 200","requestId":"81356fa0-86e7-46d6-9d2a-077ebbd7ffb7","method":"GET","url":"/api/inventory/:id","statusCode":200,"responseTime":20,"bytesWritten":18019}
{"level":30,"time":1710503769998,"pid":48291,"hostname":"prod-api-7b4d9f","module":"cache","msg":"Cache hit: user:profile:26222661","key":"user:profile:26222661","hit":true,"ttl":1645}
{"level":40,"time":1710503771064,"pid":48291,"hostname":"prod-api-7b4d9f","msg":"Task send_digest_emails running longer than expected: 78s","module":"scheduler","task":"send_digest_emails","durationSec":99}
{"level":50,"time":1710503774165,"pid":48291,"hostname":"prod-api-7b4d9f","msg":"Query timeout after 25503ms","module":"database","requestId":"41675bf4-7a32-46ef-8fd4-e1cf17276fac","query":"UPDATE inventory SET stock = stock - $1 WHERE product_id = $2","duration":22978,"err":{"message":"Query read timeout","stack":"Error: Query read timeout\n    at Connection.parseE (node_modules/pg/lib/connection.js:614:13)"}}
{"level":30,"time":1710503776690,"pid":48291,"hostname":"prod-api-7b4d9f","module":"email","msg":"Email sent: welcome","template":"receipt","recipient":"user188@example.com","deliveryTime":1600}
{"level":30,"time":1710503787936,"pid":48291,"hostname":"prod-api-7b4d9f","module":"database","msg":"Query executed","query":"DELETE FROM sessions WHERE expired_at < NOW()","duration":183,"rowCount":63,"requestId":"dc912634-7a41-46a1-918e-61477c30a9c6"}
{"level":30,"time":1710503800709,"pid":48291,"hostname":"prod-api-7b4d9f","module":"http","msg":"POST /api/auth/refresh 200","requestId":"97093724-7bab-444b-9d68-a56ea36b20c1","method":"POST","url":"/api/auth/refresh","statusCode":200,"responseTime":650,"bytesWritten":12989}
{"level":30,"time":1710503804754,"pid":48291,"hostname":"prod-api-7b4d9f","module":"cache","msg":"Cache hit: products:list","key":"products:list","hit":true,"ttl":2978}
{"level":20,"time":1710503811031,"pid":48291,"hostname":"prod-api-7b4d9f","module":"database","msg":"Query plan: Seq Scan on cart_items","requestId":"c4f2d1aa-fb52-4ec5-add8-1e5206558ed9","estimatedCost":1.31}
{"level":10,"time":1710503836844,"pid":48291,"hostname":"prod-api-7b4d9f","module":"auth","msg":"JWKS cache check: refreshing","kid":"881f4dd5"}
{"level":30,"time":1710503848721,"pid":48291,"hostname":"prod-api-7b4d9f","module":"cache","msg":"Cache miss: user:profile:","key":"user:profile:","hit":false}
{"level":30,"time":1710503859647,"pid":48291,"hostname":"prod-api-7b4d9f","module":"payment","requestId":"f9bd9eb4-9c02-4389-bd8c-f501c54215fa","msg":"Refund initiated","userId":"usr_m3n4o5","amount":129.51,"currency":"USD","refundId":"ref_d0753d0f"}
{"level":30,"time":1710503870281,"pid":48291,"hostname":"prod-api-7b4d9f","module":"auth","requestId":"ab00f6f2-4d8e-4b2c-a691-4ae7d876a149","msg":"Session created","userId":"usr_v2w3x4","sessionId":"e378d7aa-298b-4fd1-9bad-3ee083311f94"}
{"level":40,"time":1710503883085,"pid":48291,"hostname":"prod-api-7b4d9f","msg":"Slow response: /api/orders took 3002ms","module":"http","requestId":"0c87988e-ffa9-4d6e-ac5b-ac9c95f9dbb3","responseTime":2897}
{"level":20,"time":1710503883401,"pid":48291,"hostname":"prod-api-7b4d9f","module":"auth","msg":"Token payload decoded","requestId":"dc4844ef-5138-40ea-9d5c-49b0bf26c929","userId":"usr_v2w3x4","exp":1710507483}
{"level":40,"time":1710503906853,"pid":48291,"hostname":"prod-api-7b4d9f","msg":"Payment retry attempt 1 for order ord_ddbc3bd5","module":"payment","requestId":"54afe3fe-eca3-47df-8a24-01a2e155a729","attempt":2}
{"level":30,"time":1710503908598,"pid":48291,"hostname":"prod-api-7b4d9f","module":"http","msg":"GET /api/inventory/:id 200","requestId":"4277355e-dfc3-4c50-9734-235425ee01ca","method":"GET","url":"/api/inventory/:id","statusCode":200,"responseTime":109,"userId":"usr_s9t0u1","bytesWritten":38724}
{"level":30,"time":1710503909087,"pid":48291,"hostname":"prod-api-7b4d9f","module":"http","msg":"POST /api/webhooks/stripe 400","requestId":"60a3113c-34a6-426a-8157-960a74d4a603","method":"POST","url":"/api/webhooks/stripe","statusCode":400,"responseTime":530,"userId":"usr_s9t0u1","bytesWritten":15386}
{"level":10,"time":1710503919169,"pid":48291,"hostname":"prod-api-7b4d9f","module":"cache","msg":"Redis ping: 0.83ms","server":"10.0.2.15:6379"}
{"level":50,"time":1710503923868,"pid":48291,"hostname":"prod-api-7b4d9f","msg":"Job failed after 1 retries: report.generate","module":"queue","jobType":"inventory.sync","jobId":"a7bfe527-f98f-4039-999a-19d34e4962f8","retries":4,"err":{"message":"Max retries exceeded","stack":"Error: Max retries exceeded\n    at Worker.processJob (src/queue/worker.js:78:11)"}}
{"level":30,"time":1710503928780,"pid":48291,"hostname":"prod-api-7b4d9f","module":"cache","msg":"Cache miss: search:results:bd14f69e","key":"search:results:bd14f69e","hit":false}
{"level":30,"time":1710503930871,"pid":48291,"hostname":"prod-api-7b4d9f","module":"email","msg":"Email sent: welcome","template":"receipt","recipient":"user996@example.com","deliveryTime":300}
{"level":30,"time":1710503936168,"pid":48291,"hostname":"prod-api-7b4d9f","module":"http","msg":"DELETE /api/cart/:id 204","requestId":"82def0e2-9a03-48a5-8ac4-72fa7c787974","method":"DELETE","url":"/api/cart/:id","statusCode":204,"responseTime":773,"userId":"usr_j0k1l2","bytesWritten":2257}
{"level":10,"time":1710503942661,"pid":48291,"hostname":"prod-api-7b4d9f","module":"queue","msg":"Message acknowledgment sent","jobId":"239c4c65-df18-433b-ac35-3f5b264c54a1","queue":"order.process"}
{"level":30,"time":1710503945265,"pid":48291,"hostname":"prod-api-7b4d9f","module":"cache","msg":"Cache hit: inventory:300ed3b2","key":"inventory:300ed3b2","hit":true,"ttl":2867}
{"level":30,"time":1710503948085,"pid":48291,"hostname":"prod-api-7b4d9f","module":"email","msg":"Email sent: welcome","template":"promotional","recipient":"user370@example.com","deliveryTime":1721}
{"level":20,"time":1710503961958,"pid":48291,"hostname":"prod-api-7b4d9f","module":"email","msg":"SMTP handshake completed","smtpServer":"smtp.sendgrid.net","tlsVersion":"TLSv1.3"}
{"level":40,"time":1710503965922,"pid":48291,"hostname":"prod-api-7b4d9f","msg":"Job queue backlog growing: 71 pending jobs","module":"queue","pendingJobs":59}
{"level":50,"time":1710503975037,"pid":48291,"hostname":"prod-api-7b4d9f","msg":"Payment declined: insufficient funds","module":"payment","requestId":"57e87066-595a-411d-ae96-e74cc0caec9b","userId":"usr_a1b2c3","amount":266.54,"currency":"USD"}
{"level":40,"time":1710503977541,"pid":48291,"hostname":"prod-api-7b4d9f","msg":"Task send_digest_emails running longer than expected: 56s","module":"scheduler","task":"process_refunds","durationSec":81}
{"level":20,"time":1710503981690,"pid":48291,"hostname":"prod-api-7b4d9f","module":"cache","msg":"Cache operation: SET config:site","latency":3.25}
{"level":30,"time":1710503989825,"pid":48291,"hostname":"prod-api-7b4d9f","module":"cache","msg":"Cache miss: cart:","key":"cart:","hit":false}
{"level":30,"time":1710503999234,"pid":48291,"hostname":"prod-api-7b4d9f","module":"http","msg":"GET /api/products 200","requestId":"5abbcced-859d-4f13-afe0-33a3d2523cec","method":"GET","url":"/api/products","statusCode":200,"responseTime":53,"userId":"usr_m3n4o5","bytesWritten":15216}
